id,えのきだけ_中国,えのきだけ_九州,えのきだけ_北海道,えのきだけ_北陸,えのきだけ_四国,えのきだけ_東北,えのきだけ_東海,えのきだけ_近畿,えのきだけ_関東,かぶ_北海道,かぶ_北陸,かぶ_東北,かぶ_東海,かぶ_近畿,かぶ_関東,かぼちゃ_中国,かぼちゃ_九州,かぼちゃ_北陸,かぼちゃ_東海,かぼちゃ_近畿,かぼちゃ_関東,かんしょ_中国,かんしょ_九州,かんしょ_北海道,かんしょ_北陸,かんしょ_四国,かんしょ_東北,かんしょ_東海,かんしょ_近畿,かんしょ_関東,きゅうり_中国,きゅうり_九州,きゅうり_北海道,きゅうり_北陸,きゅうり_四国,きゅうり_東北,きゅうり_東海,きゅうり_近畿,きゅうり_関東,こまつな_中国,こまつな_九州,こまつな_北海道,こまつな_北陸,こまつな_四国,こまつな_東北,こまつな_東海,こまつな_近畿,こまつな_関東,ごぼう_中国,ごぼう_九州,ごぼう_北海道,ごぼう_北陸,ごぼう_四国,ごぼう_東北,ごぼう_東海,ごぼう_近畿,ごぼう_関東,さといも_中国,さといも_九州,さといも_北陸,さといも_東北,さといも_東海,さといも_近畿,さといも_関東,さやいんげん_中国,さやいんげん_九州,さやいんげん_北陸,さやいんげん_四国,さやいんげん_東北,さやいんげん_東海,さやいんげん_近畿,さやいんげん_関東,さやえんどう_近畿,さやえんどう_関東,ししとうがらし_中国,ししとうがらし_九州,ししとうがらし_北陸,ししとうがらし_四国,ししとうがらし_東北,ししとうがらし_東海,ししとうがらし_近畿,ししとうがらし_関東,しめじ_中国,しめじ_九州,しめじ_北海道,しめじ_北陸,しめじ_四国,しめじ_東北,しめじ_東海,しめじ_近畿,しめじ_関東,しゅんぎく_九州,しゅんぎく_北海道,しゅんぎく_東北,しゅんぎく_近畿,しゅんぎく_関東,しょうが_中国,しょうが_九州,しょうが_北海道,しょうが_北陸,しょうが_四国,しょうが_東北,しょうが_東海,しょうが_近畿,しょうが_関東,その他の菜類_四国,その他の菜類_東北,その他の菜類_近畿,その他の菜類_関東,その他の野菜_中国,その他の野菜_九州,その他の野菜_北海道,その他の野菜_北陸,その他の野菜_四国,その他の野菜_東北,その他の野菜_東海,その他の野菜_近畿,その他の野菜_関東,たまねぎ_中国,たまねぎ_九州,たまねぎ_北海道,たまねぎ_北陸,たまねぎ_四国,たまねぎ_東北,たまねぎ_東海,たまねぎ_近畿,たまねぎ_関東,だいこん_中国,だいこん_九州,だいこん_北海道,だいこん_北陸,だいこん_四国,だいこん_東北,だいこん_東海,だいこん_近畿,だいこん_関東,ちんげんさい_中国,ちんげんさい_九州,ちんげんさい_北海道,ちんげんさい_北陸,ちんげんさい_四国,ちんげんさい_東北,ちんげんさい_東海,ちんげんさい_近畿,ちんげんさい_関東,なす_中国,なす_九州,なす_北海道,なす_北陸,なす_四国,なす_東北,なす_東海,なす_近畿,なす_関東,なめこ_中国,なめこ_九州,なめこ_北海道,なめこ_北陸,なめこ_四国,なめこ_東北,なめこ_東海,なめこ_近畿,なめこ_関東,にら_中国,にら_九州,にら_北海道,にら_北陸,にら_四国,にら_東北,にら_東海,にら_近畿,にら_関東,にんじん_中国,にんじん_九州,にんじん_北海道,にんじん_北陸,にんじん_四国,にんじん_東北,にんじん_東海,にんじん_近畿,にんじん_関東,にんにく_九州,にんにく_東北,にんにく_東海,にんにく_近畿,にんにく_関東,ねぎ_中国,ねぎ_九州,ねぎ_北海道,ねぎ_北陸,ねぎ_四国,ねぎ_東北,ねぎ_東海,ねぎ_近畿,ねぎ_関東,はくさい_中国,はくさい_九州,はくさい_北海道,はくさい_北陸,はくさい_四国,はくさい_東北,はくさい_東海,はくさい_近畿,はくさい_関東,ばれいしょ_中国,ばれいしょ_九州,ばれいしょ_北海道,ばれいしょ_北陸,ばれいしょ_四国,ばれいしょ_東北,ばれいしょ_東海,ばれいしょ_近畿,ばれいしょ_関東,ほうれんそう_中国,ほうれんそう_九州,ほうれんそう_北海道,ほうれんそう_北陸,ほうれんそう_四国,ほうれんそう_東北,ほうれんそう_東海,ほうれんそう_近畿,ほうれんそう_関東,みずな_中国,みずな_九州,みずな_北海道,みずな_北陸,みずな_四国,みずな_東北,みずな_東海,みずな_近畿,みずな_関東,みつば_中国,みつば_九州,みつば_北海道,みつば_北陸,みつば_四国,みつば_東北,みつば_東海,みつば_近畿,みつば_関東,やまのいも_中国,やまのいも_九州,やまのいも_北海道,やまのいも_北陸,やまのいも_四国,やまのいも_東北,やまのいも_東海,やまのいも_近畿,やまのいも_関東,れんこん_中国,れんこん_九州,れんこん_北陸,れんこん_四国,れんこん_東北,れんこん_東海,れんこん_近畿,れんこん_関東,カリフラワー_中国,カリフラワー_北陸,カリフラワー_東北,カリフラワー_東海,カリフラワー_近畿,カリフラワー_関東,キャベツ_中国,キャベツ_九州,キャベツ_北海道,キャベツ_北陸,キャベツ_四国,キャベツ_東北,キャベツ_東海,キャベツ_近畿,キャベツ_関東,セルリー_中国,セルリー_九州,セルリー_北海道,セルリー_北陸,セルリー_四国,セルリー_東北,セルリー_東海,セルリー_近畿,セルリー_関東,トマト_中国,トマト_九州,トマト_北海道,トマト_北陸,トマト_四国,トマト_東北,トマト_東海,トマト_近畿,トマト_関東,パセリ_九州,パセリ_東北,パセリ_東海,パセリ_近畿,パセリ_関東,ピーマン_中国,ピーマン_九州,ピーマン_北海道,ピーマン_北陸,ピーマン_四国,ピーマン_東北,ピーマン_東海,ピーマン_近畿,ピーマン_関東,ブロッコリー_中国,ブロッコリー_九州,ブロッコリー_北海道,ブロッコリー_北陸,ブロッコリー_四国,ブロッコリー_東北,ブロッコリー_東海,ブロッコリー_近畿,ブロッコリー_関東,ミニトマト_中国,ミニトマト_九州,ミニトマト_北海道,ミニトマト_北陸,ミニトマト_四国,ミニトマト_東北,ミニトマト_東海,ミニトマト_近畿,ミニトマト_関東,レタス_中国,レタス_九州,レタス_北海道,レタス_北陸,レタス_四国,レタス_東北,レタス_東海,レタス_近畿,レタス_関東,生しいたけ_中国,生しいたけ_九州,生しいたけ_北海道,生しいたけ_北陸,生しいたけ_四国,生しいたけ_東北,生しいたけ_東海,生しいたけ_近畿,生しいたけ_関東
2016-01-01,314.0,301.0,304.0,274.0,267.0,213.0,278.0,285.0,279.0,124.0,108.0,111.0,102.0,110.0,118.0,358.0,296.0,324.0,393.0,331.0,374.0,254.0,203.0,197.0,245.0,219.0,188.0,235.0,250.0,215.0,433.0,396.0,505.0,446.0,432.0,471.0,428.0,441.0,455.0,457.0,472.0,530.0,428.0,434.0,382.0,415.0,372.0,351.0,385.0,294.0,169.0,256.0,325.0,207.0,250.0,265.0,345.0,297.0,240.0,329.0,311.0,304.0,302.0,309.0,1359.0,1272.0,1320.0,1234.0,1334.0,1171.0,1286.0,977.0,1004.0,1128.0,1987.0,1773.0,1985.0,1751.0,2141.0,1796.0,1541.0,2100.0,530.0,493.0,601.0,471.0,537.0,438.0,465.0,455.0,445.0,719.0,716.0,627.0,497.0,697.0,762.0,523.0,903.0,851.0,796.0,800.0,825.0,869.0,798.0,364.0,434.0,333.0,380.0,578.0,532.0,795.0,623.0,745.0,591.0,521.0,687.0,632.0,70.0,75.0,57.0,71.0,73.0,67.0,72.0,85.0,80.0,56.0,54.0,71.0,66.0,58.0,60.0,64.0,57.0,58.0,354.0,434.0,374.0,303.0,325.0,269.0,270.0,300.0,277.0,539.0,465.0,654.0,554.0,543.0,545.0,458.0,509.0,541.0,424.0,363.0,355.0,477.0,577.0,412.0,480.0,475.0,447.0,822.0,680.0,785.0,783.0,726.0,597.0,804.0,762.0,670.0,89.0,73.0,87.0,85.0,86.0,72.0,83.0,83.0,80.0,1679.0,1478.0,1608.0,1694.0,1628.0,467.0,468.0,397.0,378.0,442.0,295.0,381.0,420.0,320.0,64.0,54.0,59.0,70.0,61.0,56.0,61.0,61.0,47.0,125.0,127.0,77.0,117.0,132.0,105.0,121.0,126.0,126.0,593.0,531.0,654.0,637.0,602.0,565.0,565.0,564.0,531.0,467.0,467.0,480.0,430.0,387.0,421.0,398.0,334.0,385.0,1138.0,753.0,1287.0,891.0,1045.0,785.0,888.0,917.0,920.0,373.0,378.0,303.0,380.0,363.0,293.0,379.0,368.0,397.0,573.0,583.0,657.0,593.0,487.0,460.0,664.0,493.0,268.0,296.0,297.0,196.0,233.0,277.0,61.0,56.0,67.0,64.0,60.0,60.0,54.0,57.0,59.0,272.0,243.0,257.0,280.0,238.0,277.0,271.0,278.0,271.0,425.0,369.0,508.0,463.0,451.0,431.0,414.0,447.0,460.0,723.0,903.0,785.0,825.0,908.0,610.0,567.0,679.0,637.0,621.0,651.0,576.0,590.0,652.0,430.0,386.0,383.0,362.0,389.0,361.0,317.0,377.0,337.0,728.0,659.0,821.0,875.0,763.0,797.0,804.0,737.0,789.0,253.0,187.0,354.0,309.0,245.0,302.0,279.0,288.0,271.0,1098.0,1048.0,737.0,1231.0,1021.0,988.0,1119.0,1113.0,1118.0
2016-02-01,306.0,316.0,309.0,288.0,293.0,278.0,286.0,295.0,291.0,157.0,159.0,138.0,126.0,149.0,140.0,411.0,360.0,516.0,453.0,469.0,463.0,247.0,221.0,215.0,248.0,231.0,197.0,239.0,251.0,218.0,421.0,374.0,496.0,435.0,421.0,457.0,417.0,443.0,448.0,467.0,444.0,517.0,447.0,482.0,380.0,486.0,422.0,377.0,389.0,307.0,192.0,277.0,322.0,211.0,259.0,270.0,336.0,301.0,254.0,384.0,326.0,344.0,345.0,316.0,1869.0,1675.0,1667.0,1512.0,1733.0,1568.0,1699.0,1310.0,1697.0,1962.0,1611.0,1419.0,1608.0,1364.0,1652.0,1514.0,1356.0,1654.0,516.0,513.0,586.0,549.0,534.0,495.0,499.0,477.0,485.0,585.0,639.0,502.0,519.0,542.0,764.0,555.0,886.0,871.0,817.0,796.0,824.0,883.0,817.0,405.0,425.0,373.0,429.0,523.0,455.0,706.0,649.0,727.0,545.0,579.0,658.0,607.0,74.0,79.0,60.0,75.0,77.0,74.0,85.0,89.0,91.0,69.0,60.0,88.0,90.0,67.0,90.0,81.0,69.0,81.0,422.0,489.0,431.0,374.0,419.0,314.0,358.0,377.0,321.0,474.0,402.0,548.0,460.0,433.0,469.0,481.0,466.0,487.0,416.0,403.0,378.0,502.0,564.0,449.0,486.0,486.0,468.0,1058.0,940.0,857.0,1009.0,904.0,812.0,981.0,966.0,836.0,98.0,79.0,97.0,92.0,100.0,83.0,93.0,93.0,92.0,1649.0,1366.0,1562.0,1614.0,1554.0,533.0,487.0,384.0,396.0,516.0,301.0,397.0,464.0,314.0,82.0,63.0,75.0,92.0,76.0,77.0,80.0,79.0,62.0,161.0,172.0,103.0,172.0,165.0,144.0,190.0,173.0,181.0,569.0,488.0,622.0,624.0,571.0,535.0,594.0,563.0,521.0,465.0,403.0,455.0,446.0,405.0,419.0,381.0,360.0,363.0,925.0,773.0,1009.0,681.0,928.0,700.0,719.0,807.0,591.0,367.0,375.0,306.0,362.0,360.0,304.0,371.0,359.0,390.0,601.0,537.0,675.0,637.0,577.0,526.0,750.0,586.0,261.0,422.0,373.0,272.0,318.0,333.0,66.0,62.0,63.0,73.0,63.0,69.0,59.0,63.0,68.0,234.0,244.0,246.0,232.0,244.0,271.0,255.0,267.0,243.0,416.0,351.0,493.0,483.0,477.0,433.0,419.0,437.0,465.0,880.0,853.0,807.0,868.0,884.0,799.0,741.0,866.0,808.0,775.0,824.0,772.0,760.0,817.0,508.0,422.0,480.0,466.0,473.0,447.0,423.0,503.0,429.0,889.0,795.0,991.0,1029.0,958.0,971.0,931.0,868.0,948.0,299.0,229.0,404.0,347.0,297.0,344.0,319.0,334.0,311.0,1080.0,956.0,750.0,1241.0,1037.0,964.0,1139.0,1127.0,1116.0
2016-03-01,245.0,217.0,317.0,219.0,227.0,164.0,210.0,213.0,204.0,185.0,191.0,162.0,144.0,197.0,157.0,468.0,399.0,476.0,472.0,470.0,467.0,253.0,216.0,206.0,234.0,249.0,193.0,237.0,260.0,222.0,310.0,259.0,371.0,335.0,303.0,334.0,310.0,328.0,336.0,328.0,281.0,446.0,362.0,378.0,313.0,368.0,322.0,330.0,385.0,334.0,196.0,279.0,357.0,222.0,286.0,285.0,348.0,289.0,239.0,361.0,330.0,326.0,315.0,314.0,1552.0,1289.0,1445.0,1328.0,1443.0,1358.0,1387.0,1184.0,1489.0,1685.0,1695.0,1462.0,1698.0,1527.0,1743.0,1528.0,1351.0,1835.0,436.0,463.0,495.0,485.0,443.0,435.0,404.0,375.0,394.0,319.0,505.0,453.0,409.0,500.0,792.0,595.0,895.0,910.0,920.0,831.0,805.0,885.0,896.0,226.0,374.0,331.0,380.0,547.0,437.0,847.0,661.0,725.0,552.0,536.0,721.0,619.0,80.0,84.0,60.0,84.0,75.0,75.0,84.0,91.0,93.0,89.0,67.0,104.0,111.0,91.0,106.0,96.0,87.0,96.0,313.0,341.0,390.0,305.0,343.0,282.0,303.0,315.0,296.0,394.0,318.0,527.0,447.0,393.0,435.0,382.0,418.0,455.0,417.0,386.0,380.0,472.0,537.0,416.0,468.0,466.0,436.0,559.0,400.0,647.0,531.0,435.0,497.0,538.0,498.0,499.0,120.0,88.0,105.0,111.0,116.0,104.0,117.0,115.0,114.0,1600.0,1396.0,1643.0,1656.0,1559.0,478.0,393.0,431.0,403.0,445.0,342.0,386.0,425.0,343.0,115.0,95.0,119.0,123.0,119.0,123.0,113.0,113.0,109.0,215.0,243.0,112.0,220.0,212.0,173.0,233.0,223.0,216.0,495.0,445.0,585.0,620.0,536.0,506.0,556.0,535.0,538.0,327.0,260.0,403.0,333.0,324.0,337.0,323.0,299.0,307.0,462.0,483.0,785.0,606.0,604.0,613.0,554.0,591.0,495.0,369.0,384.0,318.0,371.0,362.0,274.0,374.0,364.0,395.0,648.0,604.0,717.0,707.0,672.0,562.0,826.0,668.0,205.0,429.0,340.0,240.0,293.0,291.0,82.0,76.0,81.0,94.0,72.0,91.0,74.0,77.0,89.0,283.0,268.0,349.0,307.0,290.0,338.0,298.0,317.0,308.0,487.0,462.0,552.0,554.0,588.0,490.0,473.0,484.0,510.0,652.0,700.0,698.0,625.0,774.0,615.0,534.0,719.0,639.0,586.0,575.0,626.0,606.0,638.0,501.0,419.0,563.0,484.0,499.0,521.0,464.0,513.0,498.0,920.0,866.0,1059.0,1097.0,1013.0,1024.0,990.0,908.0,980.0,249.0,179.0,386.0,302.0,280.0,292.0,287.0,279.0,278.0,946.0,739.0,728.0,1202.0,886.0,941.0,989.0,937.0,1044.0
2016-04-01,227.0,182.0,304.0,195.0,202.0,153.0,205.0,203.0,189.0,189.0,124.0,145.0,126.0,144.0,134.0,478.0,410.0,636.0,508.0,584.0,540.0,256.0,213.0,213.0,241.0,262.0,181.0,233.0,255.0,215.0,249.0,206.0,294.0,271.0,243.0,265.0,261.0,265.0,261.0,296.0,267.0,446.0,337.0,331.0,293.0,319.0,284.0,276.0,446.0,361.0,160.0,325.0,400.0,237.0,333.0,296.0,383.0,281.0,275.0,366.0,412.0,324.0,305.0,291.0,1243.0,1055.0,1146.0,1171.0,1145.0,1089.0,1124.0,1023.0,1153.0,1349.0,1425.0,1106.0,1595.0,1247.0,1498.0,1274.0,1184.0,1566.0,382.0,385.0,485.0,427.0,392.0,385.0,351.0,331.0,357.0,330.0,653.0,570.0,404.0,591.0,827.0,697.0,824.0,825.0,889.0,877.0,881.0,945.0,896.0,252.0,336.0,317.0,398.0,524.0,444.0,879.0,670.0,669.0,535.0,538.0,766.0,608.0,81.0,80.0,66.0,85.0,75.0,80.0,75.0,83.0,87.0,85.0,76.0,128.0,121.0,97.0,119.0,106.0,85.0,106.0,312.0,364.0,407.0,274.0,368.0,268.0,301.0,314.0,266.0,400.0,327.0,452.0,403.0,354.0,396.0,376.0,385.0,415.0,406.0,368.0,379.0,447.0,486.0,414.0,450.0,449.0,416.0,503.0,356.0,648.0,473.0,418.0,474.0,496.0,443.0,461.0,166.0,142.0,128.0,156.0,155.0,146.0,169.0,166.0,165.0,1648.0,1635.0,1839.0,1815.0,1697.0,491.0,420.0,486.0,453.0,543.0,413.0,435.0,465.0,410.0,105.0,82.0,116.0,115.0,110.0,114.0,103.0,105.0,100.0,267.0,277.0,125.0,253.0,271.0,205.0,264.0,244.0,240.0,513.0,457.0,655.0,588.0,492.0,544.0,521.0,494.0,504.0,252.0,240.0,407.0,335.0,285.0,310.0,292.0,270.0,270.0,515.0,394.0,599.0,544.0,572.0,497.0,432.0,469.0,410.0,378.0,386.0,316.0,378.0,370.0,265.0,383.0,372.0,411.0,667.0,717.0,820.0,748.0,835.0,630.0,874.0,794.0,257.0,423.0,320.0,235.0,304.0,270.0,106.0,86.0,115.0,131.0,105.0,119.0,105.0,106.0,113.0,348.0,297.0,383.0,342.0,350.0,373.0,317.0,321.0,324.0,381.0,324.0,429.0,417.0,468.0,383.0,374.0,390.0,393.0,568.0,622.0,748.0,652.0,651.0,396.0,377.0,511.0,436.0,411.0,491.0,415.0,414.0,475.0,549.0,466.0,629.0,482.0,511.0,521.0,477.0,550.0,498.0,637.0,591.0,714.0,761.0,721.0,657.0,718.0,634.0,674.0,186.0,138.0,232.0,234.0,197.0,233.0,214.0,208.0,209.0,875.0,749.0,734.0,1014.0,827.0,887.0,924.0,882.0,982.0
2016-05-01,232.0,202.0,306.0,206.0,215.0,170.0,221.0,220.0,206.0,150.0,130.0,129.0,141.0,166.0,118.0,362.0,244.0,452.0,441.0,409.0,436.0,282.0,231.0,254.0,272.0,286.0,225.0,261.0,290.0,255.0,245.0,205.0,302.0,247.0,232.0,250.0,254.0,260.0,252.0,277.0,246.0,307.0,287.0,255.0,235.0,285.0,216.0,206.0,475.0,371.0,211.0,382.0,416.0,290.0,376.0,368.0,380.0,444.0,405.0,463.0,471.0,493.0,476.0,386.0,978.0,766.0,980.0,824.0,920.0,864.0,852.0,893.0,1180.0,1157.0,1464.0,1162.0,1511.0,1157.0,1475.0,1185.0,1134.0,1456.0,374.0,398.0,475.0,412.0,382.0,358.0,370.0,335.0,352.0,433.0,717.0,644.0,510.0,592.0,811.0,735.0,915.0,961.0,855.0,875.0,965.0,928.0,931.0,289.0,313.0,276.0,459.0,570.0,484.0,814.0,645.0,757.0,501.0,593.0,664.0,596.0,104.0,94.0,82.0,86.0,90.0,92.0,76.0,94.0,92.0,80.0,75.0,124.0,115.0,97.0,102.0,96.0,86.0,97.0,314.0,330.0,399.0,272.0,330.0,242.0,295.0,276.0,233.0,388.0,309.0,458.0,424.0,363.0,404.0,366.0,383.0,419.0,408.0,399.0,384.0,448.0,470.0,414.0,459.0,457.0,426.0,418.0,321.0,506.0,365.0,341.0,328.0,397.0,359.0,352.0,160.0,144.0,175.0,168.0,161.0,171.0,164.0,163.0,181.0,1228.0,1742.0,1690.0,1654.0,1271.0,626.0,593.0,592.0,551.0,689.0,485.0,548.0,604.0,523.0,67.0,54.0,104.0,87.0,85.0,76.0,83.0,80.0,63.0,212.0,204.0,168.0,211.0,201.0,226.0,204.0,213.0,213.0,568.0,565.0,588.0,515.0,540.0,496.0,572.0,545.0,468.0,293.0,308.0,347.0,291.0,282.0,271.0,255.0,268.0,217.0,495.0,400.0,530.0,553.0,538.0,410.0,428.0,487.0,378.0,395.0,399.0,338.0,394.0,390.0,273.0,404.0,391.0,432.0,771.0,915.0,789.0,803.0,811.0,757.0,837.0,779.0,168.0,170.0,226.0,186.0,218.0,210.0,101.0,76.0,127.0,121.0,93.0,102.0,108.0,106.0,99.0,340.0,291.0,399.0,390.0,342.0,370.0,359.0,351.0,347.0,289.0,234.0,354.0,293.0,326.0,292.0,272.0,298.0,290.0,1142.0,793.0,1038.0,1059.0,789.0,368.0,328.0,442.0,389.0,349.0,435.0,361.0,357.0,401.0,424.0,371.0,632.0,398.0,406.0,436.0,398.0,422.0,418.0,455.0,408.0,516.0,564.0,535.0,511.0,541.0,476.0,508.0,181.0,161.0,198.0,189.0,183.0,186.0,186.0,181.0,165.0,886.0,821.0,710.0,1055.0,892.0,867.0,942.0,946.0,990.0
2016-06-01,224.0,195.0,295.0,203.0,206.0,160.0,216.0,217.0,201.0,133.0,193.0,132.0,164.0,184.0,132.0,198.0,187.0,271.0,271.0,228.0,305.0,284.0,221.0,265.0,333.0,300.0,236.0,292.0,308.0,266.0,243.0,208.0,288.0,248.0,225.0,240.0,266.0,263.0,263.0,272.0,238.0,312.0,302.0,278.0,265.0,310.0,236.0,260.0,470.0,312.0,305.0,374.0,416.0,328.0,362.0,383.0,400.0,497.0,374.0,535.0,723.0,561.0,556.0,503.0,826.0,679.0,870.0,639.0,796.0,804.0,791.0,820.0,1621.0,1254.0,1267.0,1110.0,1449.0,1038.0,1319.0,1055.0,901.0,1166.0,349.0,372.0,425.0,372.0,364.0,321.0,351.0,330.0,330.0,521.0,650.0,527.0,511.0,535.0,833.0,759.0,955.0,918.0,804.0,875.0,908.0,865.0,861.0,308.0,364.0,283.0,515.0,539.0,453.0,712.0,623.0,678.0,512.0,551.0,626.0,568.0,163.0,135.0,123.0,131.0,159.0,132.0,121.0,164.0,143.0,89.0,83.0,90.0,106.0,99.0,81.0,97.0,90.0,92.0,330.0,337.0,368.0,296.0,280.0,275.0,297.0,282.0,259.0,355.0,272.0,422.0,405.0,316.0,385.0,342.0,344.0,406.0,408.0,411.0,382.0,423.0,460.0,400.0,445.0,449.0,413.0,416.0,320.0,449.0,364.0,379.0,371.0,414.0,370.0,397.0,130.0,125.0,142.0,131.0,136.0,123.0,146.0,133.0,132.0,1136.0,1367.0,1749.0,1784.0,1357.0,539.0,525.0,528.0,499.0,569.0,466.0,508.0,506.0,494.0,84.0,73.0,114.0,80.0,92.0,76.0,78.0,79.0,73.0,222.0,186.0,171.0,215.0,210.0,199.0,208.0,210.0,202.0,564.0,542.0,535.0,556.0,602.0,505.0,620.0,591.0,485.0,292.0,282.0,307.0,344.0,317.0,327.0,320.0,312.0,290.0,519.0,391.0,477.0,540.0,520.0,463.0,411.0,481.0,354.0,400.0,414.0,346.0,401.0,411.0,368.0,420.0,401.0,444.0,1338.0,1344.0,1607.0,1082.0,1611.0,1380.0,1096.0,1373.0,247.0,188.0,201.0,310.0,366.0,273.0,102.0,89.0,131.0,110.0,91.0,93.0,106.0,108.0,95.0,337.0,302.0,268.0,331.0,370.0,299.0,316.0,319.0,309.0,297.0,262.0,371.0,290.0,315.0,287.0,279.0,308.0,293.0,1315.0,1005.0,1420.0,1331.0,978.0,309.0,259.0,419.0,330.0,273.0,409.0,335.0,333.0,360.0,444.0,471.0,545.0,505.0,449.0,402.0,523.0,518.0,503.0,565.0,500.0,747.0,631.0,622.0,626.0,639.0,574.0,603.0,146.0,157.0,167.0,130.0,145.0,152.0,145.0,138.0,139.0,846.0,742.0,672.0,995.0,821.0,814.0,851.0,880.0,914.0
2016-07-01,208.0,173.0,285.0,203.0,193.0,150.0,213.0,208.0,192.0,151.0,186.0,143.0,171.0,216.0,156.0,175.0,168.0,208.0,204.0,197.0,232.0,282.0,226.0,221.0,263.0,297.0,210.0,267.0,293.0,234.0,298.0,289.0,263.0,341.0,246.0,278.0,314.0,312.0,323.0,313.0,320.0,276.0,334.0,367.0,276.0,321.0,288.0,236.0,416.0,241.0,250.0,304.0,335.0,245.0,263.0,287.0,341.0,482.0,342.0,491.0,677.0,524.0,508.0,557.0,1035.0,1011.0,788.0,665.0,564.0,962.0,999.0,678.0,1607.0,1371.0,1060.0,996.0,1232.0,874.0,1055.0,946.0,736.0,1070.0,335.0,368.0,450.0,352.0,341.0,302.0,349.0,306.0,309.0,907.0,649.0,506.0,747.0,649.0,772.0,716.0,917.0,854.0,762.0,840.0,828.0,750.0,807.0,296.0,367.0,346.0,499.0,490.0,466.0,668.0,649.0,727.0,472.0,483.0,528.0,578.0,198.0,161.0,162.0,167.0,162.0,136.0,167.0,187.0,176.0,114.0,116.0,96.0,134.0,124.0,99.0,122.0,110.0,119.0,368.0,438.0,379.0,334.0,308.0,297.0,312.0,310.0,261.0,331.0,307.0,384.0,380.0,290.0,370.0,304.0,314.0,373.0,406.0,410.0,391.0,384.0,408.0,369.0,408.0,429.0,392.0,617.0,505.0,672.0,514.0,551.0,432.0,572.0,593.0,462.0,167.0,171.0,131.0,141.0,158.0,133.0,161.0,155.0,155.0,1162.0,1544.0,1761.0,1871.0,1711.0,611.0,631.0,467.0,463.0,605.0,420.0,468.0,484.0,451.0,60.0,63.0,65.0,51.0,61.0,65.0,54.0,55.0,55.0,218.0,191.0,161.0,168.0,201.0,162.0,185.0,184.0,168.0,759.0,720.0,568.0,684.0,832.0,619.0,713.0,699.0,623.0,461.0,524.0,391.0,424.0,481.0,401.0,349.0,414.0,344.0,779.0,705.0,544.0,666.0,703.0,513.0,648.0,622.0,447.0,410.0,431.0,372.0,415.0,423.0,355.0,436.0,408.0,447.0,810.0,614.0,1231.0,984.0,1040.0,933.0,1253.0,946.0,338.0,400.0,255.0,313.0,365.0,335.0,76.0,81.0,90.0,71.0,78.0,63.0,77.0,76.0,73.0,234.0,249.0,243.0,239.0,250.0,236.0,231.0,229.0,225.0,312.0,287.0,319.0,294.0,320.0,278.0,318.0,340.0,312.0,1786.0,1234.0,1789.0,1803.0,1357.0,355.0,345.0,445.0,485.0,365.0,443.0,425.0,393.0,424.0,471.0,430.0,364.0,452.0,424.0,383.0,449.0,475.0,431.0,740.0,633.0,747.0,617.0,683.0,622.0,696.0,674.0,649.0,135.0,151.0,146.0,119.0,135.0,143.0,134.0,126.0,127.0,812.0,708.0,627.0,888.0,773.0,780.0,788.0,831.0,894.0
2016-08-01,183.0,119.0,298.0,190.0,164.0,100.0,191.0,178.0,166.0,137.0,177.0,140.0,164.0,178.0,160.0,200.0,214.0,190.0,203.0,209.0,230.0,247.0,176.0,189.0,253.0,244.0,176.0,245.0,259.0,209.0,225.0,185.0,186.0,244.0,202.0,172.0,235.0,224.0,211.0,239.0,202.0,310.0,241.0,291.0,221.0,239.0,202.0,193.0,391.0,221.0,291.0,301.0,321.0,245.0,261.0,266.0,322.0,397.0,278.0,484.0,617.0,446.0,449.0,497.0,936.0,877.0,797.0,627.0,477.0,839.0,867.0,559.0,2462.0,2107.0,873.0,837.0,856.0,736.0,637.0,729.0,560.0,731.0,316.0,318.0,464.0,335.0,332.0,261.0,324.0,276.0,289.0,771.0,873.0,582.0,710.0,737.0,728.0,634.0,918.0,812.0,760.0,824.0,727.0,786.0,733.0,300.0,357.0,316.0,501.0,445.0,386.0,667.0,590.0,627.0,432.0,469.0,455.0,513.0,187.0,180.0,137.0,175.0,172.0,144.0,179.0,198.0,182.0,126.0,123.0,84.0,134.0,130.0,92.0,111.0,106.0,116.0,295.0,348.0,365.0,255.0,273.0,252.0,264.0,265.0,214.0,237.0,195.0,249.0,244.0,178.0,198.0,207.0,210.0,225.0,404.0,395.0,394.0,365.0,371.0,334.0,400.0,435.0,379.0,591.0,536.0,612.0,669.0,486.0,528.0,618.0,580.0,532.0,159.0,156.0,107.0,147.0,150.0,129.0,150.0,148.0,150.0,1520.0,1400.0,1652.0,1790.0,1783.0,582.0,577.0,314.0,406.0,626.0,340.0,408.0,462.0,368.0,55.0,64.0,54.0,55.0,83.0,71.0,55.0,55.0,58.0,157.0,171.0,127.0,147.0,164.0,133.0,144.0,151.0,148.0,840.0,768.0,690.0,683.0,899.0,685.0,713.0,717.0,661.0,370.0,411.0,447.0,354.0,345.0,308.0,285.0,318.0,265.0,674.0,771.0,666.0,815.0,785.0,508.0,634.0,647.0,404.0,420.0,441.0,382.0,431.0,424.0,378.0,443.0,422.0,457.0,453.0,339.0,636.0,496.0,656.0,518.0,622.0,601.0,350.0,392.0,322.0,307.0,337.0,323.0,78.0,77.0,69.0,72.0,75.0,65.0,76.0,73.0,71.0,190.0,169.0,199.0,172.0,200.0,211.0,175.0,178.0,176.0,257.0,287.0,242.0,262.0,322.0,218.0,276.0,285.0,258.0,1704.0,1338.0,1644.0,1492.0,1225.0,217.0,228.0,268.0,290.0,219.0,227.0,289.0,232.0,250.0,566.0,533.0,404.0,519.0,497.0,466.0,537.0,542.0,481.0,649.0,642.0,482.0,536.0,711.0,520.0,599.0,598.0,615.0,155.0,172.0,181.0,146.0,158.0,165.0,154.0,144.0,141.0,802.0,753.0,663.0,949.0,796.0,811.0,815.0,842.0,938.0
2016-09-01,246.0,222.0,303.0,233.0,237.0,219.0,249.0,246.0,234.0,197.0,233.0,208.0,296.0,218.0,202.0,183.0,207.0,213.0,182.0,178.0,215.0,251.0,189.0,188.0,243.0,261.0,150.0,219.0,245.0,193.0,358.0,309.0,261.0,354.0,322.0,260.0,353.0,347.0,316.0,460.0,454.0,555.0,459.0,520.0,527.0,516.0,435.0,466.0,389.0,252.0,235.0,271.0,344.0,226.0,253.0,255.0,306.0,376.0,284.0,405.0,436.0,415.0,388.0,390.0,1371.0,1077.0,1477.0,1068.0,804.0,1384.0,1476.0,948.0,5071.0,4971.0,924.0,924.0,1072.0,896.0,709.0,894.0,635.0,1022.0,428.0,441.0,577.0,492.0,450.0,445.0,437.0,412.0,427.0,1297.0,1308.0,1521.0,1191.0,1637.0,724.0,608.0,903.0,818.0,767.0,817.0,681.0,845.0,712.0,407.0,598.0,369.0,568.0,527.0,460.0,770.0,631.0,754.0,562.0,464.0,612.0,624.0,134.0,144.0,105.0,134.0,131.0,120.0,115.0,137.0,130.0,126.0,106.0,101.0,151.0,132.0,104.0,129.0,117.0,133.0,470.0,542.0,457.0,447.0,373.0,467.0,406.0,388.0,395.0,320.0,313.0,468.0,384.0,302.0,310.0,307.0,313.0,367.0,422.0,395.0,408.0,492.0,511.0,460.0,506.0,494.0,487.0,779.0,726.0,831.0,699.0,721.0,632.0,778.0,780.0,670.0,350.0,342.0,189.0,306.0,380.0,258.0,333.0,322.0,296.0,1858.0,1605.0,1865.0,1822.0,1967.0,632.0,689.0,311.0,483.0,634.0,324.0,439.0,512.0,428.0,102.0,96.0,127.0,102.0,108.0,112.0,90.0,86.0,93.0,195.0,197.0,133.0,176.0,181.0,155.0,162.0,180.0,171.0,1048.0,995.0,888.0,914.0,1129.0,954.0,927.0,901.0,900.0,602.0,617.0,599.0,686.0,574.0,565.0,478.0,606.0,523.0,816.0,931.0,875.0,867.0,898.0,707.0,760.0,815.0,696.0,443.0,448.0,406.0,441.0,450.0,372.0,451.0,443.0,468.0,407.0,308.0,600.0,471.0,563.0,435.0,606.0,532.0,300.0,331.0,298.0,303.0,348.0,315.0,110.0,104.0,92.0,98.0,111.0,88.0,99.0,97.0,95.0,253.0,241.0,302.0,243.0,250.0,267.0,228.0,241.0,233.0,352.0,365.0,292.0,345.0,381.0,289.0,354.0,350.0,316.0,2369.0,2419.0,2512.0,2607.0,2191.0,392.0,380.0,351.0,407.0,402.0,300.0,387.0,350.0,330.0,637.0,646.0,493.0,583.0,583.0,500.0,604.0,642.0,580.0,785.0,760.0,538.0,650.0,877.0,554.0,704.0,642.0,625.0,245.0,248.0,316.0,243.0,238.0,249.0,232.0,227.0,226.0,990.0,944.0,757.0,1091.0,1025.0,892.0,1026.0,1059.0,1104.0
2016-10-01,288.0,243.0,301.0,262.0,263.0,248.0,276.0,274.0,274.0,160.0,193.0,151.0,185.0,248.0,170.0,194.0,218.0,204.0,199.0,209.0,212.0,275.0,213.0,206.0,245.0,268.0,169.0,237.0,263.0,216.0,548.0,518.0,423.0,540.0,561.0,434.0,532.0,535.0,497.0,549.0,546.0,560.0,615.0,637.0,572.0,641.0,547.0,574.0,340.0,269.0,211.0,268.0,291.0,258.0,251.0,266.0,317.0,328.0,295.0,361.0,336.0,332.0,338.0,308.0,1499.0,1171.0,1705.0,1158.0,1073.0,1343.0,1488.0,1272.0,3258.0,4205.0,1763.0,1613.0,1707.0,1495.0,1274.0,1295.0,1030.0,1592.0,517.0,480.0,617.0,590.0,540.0,515.0,512.0,501.0,510.0,1013.0,972.0,886.0,870.0,988.0,730.0,578.0,813.0,826.0,762.0,875.0,732.0,871.0,753.0,566.0,318.0,403.0,585.0,724.0,502.0,792.0,769.0,782.0,613.0,628.0,717.0,671.0,82.0,93.0,72.0,83.0,82.0,85.0,77.0,89.0,86.0,156.0,124.0,115.0,145.0,176.0,125.0,154.0,135.0,147.0,502.0,642.0,419.0,523.0,476.0,448.0,491.0,462.0,454.0,396.0,355.0,474.0,457.0,338.0,357.0,364.0,355.0,395.0,449.0,416.0,418.0,582.0,587.0,532.0,573.0,546.0,549.0,932.0,800.0,1161.0,984.0,904.0,879.0,901.0,939.0,896.0,311.0,308.0,168.0,271.0,295.0,237.0,274.0,286.0,278.0,2433.0,1901.0,2095.0,2434.0,2149.0,702.0,766.0,349.0,483.0,701.0,324.0,490.0,566.0,431.0,160.0,147.0,111.0,163.0,167.0,144.0,150.0,145.0,143.0,166.0,168.0,111.0,161.0,164.0,149.0,147.0,153.0,156.0,885.0,894.0,737.0,945.0,995.0,838.0,922.0,873.0,841.0,771.0,795.0,776.0,959.0,755.0,814.0,712.0,771.0,789.0,1032.0,855.0,843.0,978.0,1215.0,737.0,1149.0,1023.0,730.0,442.0,442.0,431.0,444.0,452.0,384.0,450.0,444.0,470.0,397.0,325.0,580.0,469.0,553.0,432.0,583.0,553.0,231.0,242.0,272.0,288.0,387.0,312.0,189.0,164.0,116.0,169.0,193.0,131.0,175.0,171.0,162.0,418.0,390.0,305.0,399.0,387.0,368.0,389.0,388.0,410.0,503.0,460.0,453.0,520.0,526.0,480.0,541.0,552.0,524.0,3258.0,3330.0,3781.0,3815.0,3129.0,585.0,533.0,471.0,674.0,568.0,482.0,626.0,553.0,560.0,606.0,532.0,533.0,578.0,556.0,473.0,595.0,632.0,561.0,978.0,862.0,931.0,1040.0,1096.0,968.0,1052.0,1017.0,992.0,453.0,413.0,373.0,478.0,464.0,362.0,412.0,430.0,399.0,1036.0,1068.0,761.0,1100.0,1035.0,948.0,1076.0,1117.0,1070.0
2016-11-01,328.0,322.0,331.0,314.0,322.0,299.0,317.0,319.0,324.0,154.0,173.0,133.0,128.0,187.0,140.0,261.0,288.0,275.0,254.0,272.0,281.0,269.0,195.0,198.0,239.0,239.0,172.0,242.0,261.0,218.0,450.0,406.0,479.0,447.0,418.0,418.0,444.0,447.0,450.0,509.0,475.0,528.0,470.0,468.0,427.0,466.0,448.0,412.0,355.0,307.0,240.0,311.0,334.0,295.0,277.0,283.0,352.0,284.0,249.0,267.0,258.0,269.0,302.0,258.0,1048.0,865.0,1107.0,1027.0,1056.0,940.0,990.0,997.0,1316.0,1699.0,1585.0,1363.0,1582.0,1267.0,1548.0,1279.0,1129.0,1514.0,598.0,584.0,767.0,671.0,633.0,581.0,600.0,594.0,603.0,687.0,872.0,635.0,602.0,641.0,702.0,530.0,812.0,839.0,751.0,879.0,751.0,886.0,823.0,368.0,196.0,362.0,338.0,577.0,451.0,824.0,661.0,753.0,549.0,620.0,600.0,598.0,71.0,86.0,64.0,73.0,70.0,74.0,68.0,80.0,75.0,134.0,110.0,125.0,127.0,155.0,113.0,133.0,132.0,121.0,456.0,511.0,453.0,400.0,477.0,339.0,400.0,404.0,356.0,472.0,392.0,536.0,467.0,420.0,444.0,451.0,459.0,470.0,471.0,442.0,425.0,629.0,670.0,561.0,584.0,571.0,570.0,875.0,704.0,1012.0,938.0,815.0,904.0,863.0,851.0,854.0,238.0,217.0,177.0,198.0,233.0,175.0,202.0,229.0,219.0,2476.0,1817.0,2070.0,2178.0,2111.0,587.0,628.0,376.0,407.0,630.0,294.0,442.0,530.0,391.0,154.0,124.0,123.0,143.0,163.0,122.0,145.0,151.0,118.0,176.0,175.0,121.0,166.0,174.0,154.0,170.0,165.0,170.0,698.0,668.0,686.0,719.0,580.0,669.0,619.0,629.0,602.0,613.0,596.0,560.0,549.0,444.0,495.0,481.0,502.0,463.0,731.0,669.0,897.0,646.0,773.0,606.0,612.0,696.0,537.0,471.0,457.0,335.0,456.0,470.0,365.0,464.0,462.0,466.0,380.0,313.0,547.0,455.0,544.0,422.0,557.0,549.0,241.0,238.0,287.0,298.0,347.0,289.0,190.0,170.0,147.0,177.0,181.0,160.0,172.0,179.0,172.0,435.0,355.0,348.0,444.0,483.0,329.0,402.0,411.0,411.0,534.0,516.0,508.0,555.0,592.0,563.0,534.0,605.0,608.0,2932.0,2484.0,2222.0,2712.0,2220.0,541.0,487.0,590.0,570.0,524.0,572.0,561.0,547.0,572.0,543.0,469.0,455.0,518.0,519.0,446.0,478.0,546.0,478.0,1019.0,932.0,1029.0,1061.0,1059.0,1078.0,1111.0,1090.0,1068.0,288.0,248.0,358.0,304.0,295.0,281.0,286.0,309.0,281.0,989.0,938.0,767.0,1039.0,864.0,972.0,998.0,974.0,1076.0
2016-12-01,339.0,296.0,331.0,328.0,331.0,280.0,321.0,308.0,317.0,118.0,175.0,122.0,147.0,165.0,128.0,312.0,269.0,328.0,285.0,302.0,319.0,228.0,175.0,176.0,214.0,218.0,168.0,222.0,239.0,196.0,434.0,373.0,483.0,475.0,444.0,474.0,450.0,454.0,467.0,356.0,339.0,503.0,406.0,331.0,390.0,370.0,326.0,383.0,492.0,388.0,273.0,359.0,370.0,298.0,333.0,342.0,409.0,275.0,244.0,217.0,237.0,242.0,304.0,303.0,1023.0,942.0,1189.0,928.0,1028.0,956.0,1026.0,925.0,1205.0,1159.0,2306.0,2061.0,2173.0,1842.0,2279.0,1740.0,1518.0,2258.0,614.0,522.0,768.0,639.0,660.0,517.0,582.0,549.0,549.0,578.0,843.0,726.0,474.0,690.0,761.0,531.0,819.0,857.0,753.0,865.0,759.0,900.0,797.0,292.0,333.0,326.0,337.0,622.0,466.0,1019.0,766.0,752.0,701.0,693.0,681.0,699.0,74.0,78.0,60.0,73.0,73.0,71.0,68.0,81.0,76.0,88.0,74.0,105.0,93.0,106.0,96.0,92.0,96.0,90.0,343.0,395.0,410.0,341.0,401.0,322.0,326.0,343.0,327.0,442.0,369.0,561.0,502.0,463.0,490.0,435.0,470.0,503.0,450.0,397.0,409.0,555.0,649.0,492.0,515.0,493.0,491.0,954.0,808.0,985.0,935.0,870.0,912.0,913.0,872.0,921.0,138.0,110.0,152.0,132.0,132.0,129.0,132.0,149.0,146.0,1909.0,1727.0,1945.0,2019.0,1957.0,491.0,519.0,422.0,381.0,538.0,296.0,419.0,475.0,352.0,91.0,68.0,104.0,98.0,84.0,95.0,99.0,97.0,83.0,190.0,178.0,116.0,186.0,187.0,176.0,185.0,173.0,188.0,552.0,477.0,593.0,557.0,449.0,535.0,484.0,486.0,472.0,447.0,405.0,446.0,498.0,400.0,472.0,457.0,370.0,429.0,1194.0,948.0,2014.0,1348.0,1090.0,1181.0,1010.0,1073.0,1395.0,456.0,506.0,413.0,507.0,487.0,366.0,511.0,482.0,478.0,409.0,328.0,551.0,440.0,629.0,497.0,632.0,593.0,255.0,219.0,266.0,254.0,296.0,270.0,116.0,101.0,118.0,123.0,110.0,117.0,103.0,109.0,113.0,274.0,221.0,252.0,260.0,206.0,268.0,262.0,261.0,252.0,522.0,474.0,585.0,535.0,590.0,531.0,510.0,540.0,567.0,3689.0,3548.0,2379.0,2679.0,2759.0,479.0,419.0,555.0,500.0,439.0,525.0,482.0,477.0,502.0,426.0,367.0,484.0,427.0,432.0,408.0,368.0,429.0,402.0,845.0,783.0,961.0,954.0,898.0,942.0,914.0,871.0,903.0,202.0,143.0,303.0,257.0,181.0,242.0,234.0,222.0,230.0,1042.0,1094.0,801.0,1132.0,1008.0,1019.0,1112.0,1117.0,1165.0
2017-01-01,298.0,267.0,307.0,272.0,277.0,205.0,269.0,269.0,268.0,141.0,155.0,137.0,133.0,159.0,137.0,337.0,290.0,314.0,385.0,320.0,398.0,213.0,163.0,200.0,207.0,186.0,163.0,202.0,217.0,191.0,353.0,285.0,398.0,370.0,343.0,408.0,372.0,373.0,394.0,363.0,344.0,448.0,385.0,351.0,365.0,374.0,325.0,351.0,492.0,366.0,257.0,366.0,411.0,279.0,335.0,312.0,423.0,275.0,242.0,240.0,228.0,241.0,258.0,260.0,1192.0,966.0,1188.0,1096.0,1104.0,1006.0,1097.0,860.0,833.0,893.0,1848.0,1522.0,1590.0,1497.0,1703.0,1355.0,1252.0,1710.0,529.0,442.0,560.0,534.0,541.0,438.0,490.0,452.0,459.0,580.0,789.0,696.0,460.0,689.0,787.0,590.0,828.0,859.0,809.0,837.0,766.0,886.0,801.0,367.0,527.0,308.0,431.0,591.0,516.0,784.0,655.0,777.0,611.0,647.0,666.0,667.0,81.0,86.0,63.0,85.0,86.0,78.0,81.0,91.0,95.0,68.0,58.0,95.0,87.0,72.0,87.0,81.0,73.0,82.0,351.0,342.0,406.0,328.0,306.0,296.0,301.0,296.0,281.0,396.0,333.0,495.0,435.0,397.0,414.0,391.0,414.0,436.0,431.0,364.0,373.0,529.0,545.0,440.0,488.0,496.0,462.0,928.0,797.0,929.0,930.0,879.0,770.0,885.0,884.0,799.0,138.0,109.0,145.0,132.0,140.0,135.0,129.0,135.0,152.0,1831.0,1711.0,1435.0,1942.0,1883.0,499.0,462.0,431.0,425.0,501.0,332.0,427.0,472.0,357.0,82.0,61.0,112.0,110.0,67.0,107.0,100.0,91.0,93.0,199.0,193.0,137.0,206.0,199.0,190.0,196.0,189.0,200.0,532.0,442.0,541.0,522.0,468.0,490.0,502.0,489.0,453.0,419.0,353.0,421.0,389.0,380.0,405.0,377.0,317.0,342.0,850.0,648.0,1519.0,1004.0,939.0,768.0,924.0,897.0,892.0,482.0,522.0,478.0,481.0,489.0,401.0,503.0,487.0,485.0,367.0,288.0,598.0,429.0,655.0,522.0,553.0,646.0,214.0,202.0,230.0,198.0,243.0,212.0,106.0,85.0,117.0,118.0,110.0,109.0,100.0,102.0,106.0,224.0,220.0,223.0,265.0,194.0,230.0,234.0,241.0,225.0,367.0,300.0,425.0,411.0,399.0,398.0,373.0,395.0,413.0,1362.0,1498.0,1486.0,1280.0,1353.0,524.0,457.0,588.0,560.0,513.0,571.0,503.0,497.0,569.0,461.0,390.0,460.0,383.0,449.0,410.0,357.0,434.0,369.0,687.0,580.0,773.0,805.0,726.0,767.0,773.0,682.0,758.0,182.0,118.0,271.0,237.0,187.0,235.0,228.0,212.0,218.0,1062.0,1064.0,739.0,1171.0,1023.0,1005.0,1106.0,1091.0,1163.0
2017-02-01,260.0,257.0,262.0,244.0,230.0,161.0,225.0,227.0,220.0,151.0,177.0,144.0,135.0,153.0,144.0,366.0,323.0,444.0,364.0,403.0,425.0,211.0,184.0,181.0,209.0,199.0,160.0,198.0,215.0,188.0,287.0,221.0,304.0,301.0,274.0,328.0,305.0,307.0,316.0,364.0,351.0,442.0,406.0,380.0,345.0,411.0,356.0,347.0,443.0,351.0,303.0,344.0,374.0,243.0,312.0,311.0,396.0,263.0,220.0,238.0,215.0,240.0,249.0,259.0,1234.0,1074.0,1276.0,1017.0,1159.0,1072.0,1178.0,933.0,1095.0,1113.0,1357.0,1143.0,1387.0,1195.0,1691.0,1242.0,1133.0,1495.0,473.0,428.0,535.0,517.0,505.0,439.0,453.0,425.0,445.0,478.0,632.0,484.0,525.0,515.0,762.0,589.0,861.0,871.0,760.0,804.0,817.0,876.0,784.0,371.0,454.0,319.0,434.0,502.0,396.0,787.0,626.0,671.0,552.0,595.0,599.0,610.0,90.0,92.0,67.0,93.0,88.0,84.0,90.0,95.0,102.0,75.0,60.0,111.0,105.0,76.0,105.0,85.0,78.0,92.0,379.0,377.0,405.0,385.0,363.0,320.0,332.0,322.0,310.0,402.0,353.0,531.0,453.0,407.0,447.0,416.0,425.0,462.0,421.0,385.0,374.0,528.0,542.0,459.0,489.0,488.0,460.0,905.0,830.0,837.0,847.0,848.0,765.0,861.0,862.0,788.0,149.0,121.0,163.0,143.0,147.0,148.0,137.0,145.0,159.0,1866.0,1601.0,1721.0,1822.0,1743.0,502.0,464.0,452.0,447.0,528.0,343.0,448.0,500.0,367.0,96.0,69.0,117.0,115.0,95.0,113.0,110.0,103.0,100.0,233.0,220.0,154.0,229.0,227.0,205.0,237.0,221.0,229.0,497.0,400.0,544.0,510.0,450.0,440.0,492.0,484.0,408.0,401.0,301.0,392.0,411.0,319.0,391.0,356.0,331.0,329.0,639.0,419.0,834.0,668.0,641.0,625.0,635.0,666.0,509.0,489.0,514.0,460.0,473.0,492.0,403.0,495.0,476.0,474.0,357.0,263.0,605.0,418.0,713.0,523.0,590.0,687.0,193.0,277.0,267.0,190.0,202.0,214.0,131.0,102.0,138.0,143.0,134.0,131.0,121.0,127.0,129.0,196.0,202.0,205.0,261.0,203.0,235.0,231.0,238.0,208.0,366.0,306.0,419.0,405.0,419.0,381.0,360.0,384.0,397.0,1153.0,1055.0,1251.0,868.0,946.0,591.0,492.0,650.0,616.0,553.0,614.0,584.0,571.0,612.0,402.0,309.0,405.0,329.0,354.0,327.0,327.0,372.0,314.0,670.0,553.0,736.0,781.0,716.0,726.0,769.0,692.0,725.0,201.0,135.0,290.0,255.0,207.0,249.0,239.0,227.0,231.0,1010.0,1012.0,690.0,1176.0,980.0,942.0,1053.0,1051.0,1106.0
2017-03-01,188.0,200.0,244.0,183.0,170.0,83.0,150.0,151.0,142.0,167.0,170.0,154.0,140.0,159.0,147.0,431.0,389.0,543.0,429.0,484.0,477.0,206.0,177.0,177.0,201.0,199.0,162.0,197.0,218.0,192.0,254.0,212.0,289.0,269.0,243.0,286.0,268.0,277.0,283.0,232.0,179.0,348.0,306.0,287.0,261.0,276.0,225.0,268.0,419.0,371.0,282.0,344.0,384.0,224.0,326.0,322.0,392.0,224.0,221.0,210.0,231.0,240.0,228.0,254.0,1237.0,1101.0,1243.0,1025.0,1172.0,1161.0,1156.0,1036.0,1057.0,1070.0,1318.0,1066.0,1362.0,1196.0,1292.0,1166.0,1045.0,1410.0,415.0,418.0,466.0,452.0,445.0,360.0,382.0,357.0,370.0,300.0,515.0,435.0,389.0,463.0,784.0,605.0,817.0,904.0,851.0,841.0,838.0,925.0,910.0,240.0,398.0,308.0,366.0,521.0,429.0,781.0,638.0,669.0,557.0,601.0,654.0,633.0,125.0,116.0,85.0,129.0,111.0,104.0,104.0,122.0,127.0,85.0,65.0,121.0,112.0,90.0,108.0,97.0,88.0,94.0,282.0,252.0,371.0,301.0,277.0,275.0,271.0,266.0,267.0,394.0,341.0,478.0,411.0,361.0,411.0,388.0,401.0,428.0,420.0,364.0,361.0,483.0,489.0,440.0,428.0,454.0,432.0,569.0,411.0,647.0,579.0,491.0,520.0,564.0,536.0,541.0,182.0,133.0,175.0,154.0,168.0,170.0,163.0,167.0,180.0,1757.0,1527.0,1730.0,1794.0,1724.0,425.0,366.0,494.0,427.0,439.0,380.0,406.0,444.0,378.0,104.0,85.0,140.0,125.0,112.0,137.0,121.0,110.0,130.0,233.0,236.0,165.0,230.0,226.0,215.0,229.0,221.0,229.0,380.0,319.0,523.0,454.0,373.0,393.0,411.0,407.0,401.0,292.0,206.0,314.0,339.0,302.0,325.0,298.0,258.0,276.0,511.0,387.0,720.0,541.0,546.0,591.0,481.0,523.0,462.0,483.0,523.0,451.0,487.0,473.0,397.0,497.0,487.0,488.0,378.0,304.0,590.0,429.0,755.0,569.0,605.0,716.0,199.0,289.0,279.0,200.0,225.0,258.0,120.0,95.0,146.0,131.0,115.0,130.0,116.0,116.0,124.0,248.0,226.0,311.0,298.0,269.0,282.0,263.0,282.0,257.0,331.0,290.0,389.0,381.0,406.0,336.0,332.0,362.0,364.0,842.0,789.0,1049.0,632.0,745.0,452.0,373.0,519.0,469.0,387.0,494.0,442.0,447.0,490.0,302.0,281.0,360.0,262.0,277.0,263.0,265.0,300.0,274.0,631.0,565.0,683.0,719.0,685.0,666.0,716.0,666.0,670.0,160.0,108.0,243.0,204.0,180.0,195.0,198.0,176.0,187.0,906.0,770.0,629.0,1017.0,834.0,899.0,935.0,905.0,1003.0
2017-04-01,187.0,160.0,258.0,152.0,170.0,121.0,169.0,163.0,153.0,177.0,137.0,160.0,122.0,154.0,139.0,459.0,397.0,534.0,453.0,512.0,505.0,208.0,164.0,201.0,190.0,214.0,157.0,197.0,219.0,191.0,264.0,232.0,306.0,283.0,255.0,276.0,275.0,278.0,279.0,278.0,251.0,362.0,334.0,302.0,284.0,305.0,264.0,277.0,448.0,378.0,226.0,323.0,393.0,190.0,282.0,297.0,381.0,266.0,227.0,263.0,269.0,253.0,260.0,235.0,1221.0,1010.0,1194.0,1076.0,1070.0,1088.0,1104.0,964.0,1038.0,1120.0,1587.0,1215.0,1654.0,1539.0,1609.0,1297.0,1199.0,1766.0,380.0,385.0,477.0,410.0,407.0,368.0,374.0,348.0,363.0,372.0,666.0,573.0,412.0,587.0,795.0,672.0,860.0,922.0,832.0,884.0,869.0,945.0,933.0,230.0,369.0,302.0,387.0,504.0,424.0,821.0,669.0,636.0,528.0,622.0,690.0,620.0,134.0,118.0,92.0,134.0,127.0,126.0,106.0,132.0,132.0,81.0,69.0,126.0,113.0,87.0,108.0,100.0,83.0,96.0,322.0,345.0,394.0,311.0,376.0,292.0,300.0,324.0,282.0,391.0,325.0,512.0,439.0,374.0,404.0,365.0,414.0,435.0,416.0,383.0,393.0,467.0,457.0,442.0,443.0,455.0,422.0,531.0,383.0,566.0,513.0,461.0,542.0,524.0,494.0,524.0,162.0,138.0,148.0,155.0,156.0,170.0,170.0,164.0,171.0,1831.0,1932.0,2002.0,2076.0,1929.0,388.0,361.0,454.0,413.0,397.0,375.0,404.0,378.0,361.0,133.0,101.0,165.0,166.0,148.0,168.0,151.0,141.0,145.0,234.0,220.0,143.0,236.0,226.0,210.0,226.0,216.0,226.0,472.0,442.0,586.0,562.0,440.0,501.0,493.0,446.0,491.0,332.0,324.0,352.0,336.0,311.0,329.0,308.0,295.0,278.0,519.0,371.0,598.0,493.0,501.0,517.0,452.0,484.0,401.0,508.0,556.0,492.0,516.0,511.0,360.0,525.0,515.0,514.0,370.0,342.0,642.0,423.0,957.0,505.0,614.0,866.0,217.0,367.0,279.0,211.0,249.0,256.0,115.0,93.0,138.0,134.0,104.0,128.0,111.0,110.0,119.0,325.0,289.0,375.0,362.0,343.0,346.0,311.0,324.0,305.0,309.0,262.0,352.0,335.0,372.0,314.0,302.0,327.0,330.0,557.0,782.0,868.0,596.0,689.0,390.0,354.0,467.0,410.0,372.0,461.0,383.0,391.0,441.0,403.0,387.0,506.0,414.0,388.0,418.0,386.0,416.0,394.0,516.0,456.0,576.0,596.0,601.0,562.0,603.0,552.0,569.0,171.0,126.0,221.0,208.0,179.0,204.0,204.0,186.0,193.0,823.0,695.0,630.0,944.0,777.0,838.0,864.0,855.0,950.0
2017-05-01,192.0,169.0,287.0,181.0,188.0,135.0,193.0,174.0,165.0,147.0,137.0,138.0,147.0,147.0,122.0,360.0,261.0,475.0,424.0,382.0,434.0,198.0,173.0,237.0,205.0,213.0,185.0,214.0,227.0,217.0,204.0,147.0,244.0,232.0,186.0,227.0,227.0,219.0,231.0,206.0,195.0,342.0,259.0,243.0,207.0,253.0,180.0,204.0,471.0,352.0,199.0,336.0,392.0,218.0,325.0,333.0,371.0,360.0,312.0,344.0,346.0,367.0,378.0,299.0,966.0,784.0,1007.0,907.0,958.0,910.0,890.0,921.0,932.0,1003.0,1567.0,1172.0,1638.0,1404.0,1566.0,1187.0,1100.0,1545.0,384.0,399.0,526.0,424.0,406.0,349.0,387.0,346.0,366.0,425.0,649.0,603.0,439.0,597.0,853.0,784.0,907.0,957.0,882.0,910.0,976.0,954.0,944.0,184.0,327.0,274.0,409.0,562.0,461.0,749.0,655.0,743.0,535.0,657.0,665.0,617.0,107.0,100.0,100.0,105.0,97.0,110.0,83.0,100.0,106.0,71.0,65.0,127.0,111.0,81.0,99.0,90.0,77.0,92.0,281.0,267.0,414.0,259.0,314.0,243.0,271.0,254.0,222.0,389.0,317.0,451.0,397.0,325.0,378.0,361.0,388.0,401.0,406.0,380.0,406.0,452.0,453.0,433.0,441.0,461.0,425.0,405.0,294.0,452.0,370.0,316.0,351.0,371.0,363.0,380.0,114.0,101.0,133.0,131.0,114.0,144.0,132.0,118.0,145.0,1392.0,1778.0,1820.0,1709.0,1344.0,418.0,427.0,488.0,433.0,443.0,384.0,445.0,409.0,426.0,70.0,56.0,96.0,91.0,83.0,77.0,82.0,74.0,66.0,176.0,159.0,134.0,161.0,157.0,174.0,163.0,155.0,168.0,481.0,477.0,592.0,490.0,515.0,485.0,531.0,502.0,432.0,257.0,239.0,333.0,289.0,276.0,277.0,265.0,258.0,233.0,504.0,357.0,565.0,579.0,532.0,411.0,433.0,522.0,360.0,499.0,565.0,460.0,522.0,510.0,353.0,533.0,523.0,537.0,343.0,333.0,573.0,424.0,902.0,568.0,543.0,904.0,177.0,195.0,248.0,186.0,209.0,207.0,92.0,67.0,105.0,111.0,85.0,95.0,101.0,92.0,89.0,370.0,314.0,387.0,362.0,323.0,336.0,351.0,343.0,323.0,270.0,229.0,350.0,276.0,305.0,271.0,245.0,279.0,274.0,1063.0,950.0,1220.0,1148.0,807.0,322.0,248.0,409.0,345.0,258.0,416.0,304.0,316.0,379.0,376.0,361.0,572.0,348.0,380.0,402.0,374.0,385.0,375.0,438.0,396.0,534.0,526.0,509.0,515.0,520.0,460.0,489.0,129.0,103.0,200.0,154.0,132.0,161.0,159.0,142.0,141.0,817.0,769.0,638.0,921.0,832.0,803.0,855.0,860.0,936.0
2017-06-01,193.0,195.0,258.0,169.0,179.0,112.0,176.0,165.0,155.0,140.0,174.0,137.0,182.0,173.0,128.0,206.0,191.0,276.0,273.0,228.0,313.0,193.0,157.0,236.0,284.0,199.0,187.0,225.0,236.0,220.0,181.0,132.0,255.0,244.0,165.0,237.0,240.0,210.0,253.0,260.0,244.0,395.0,316.0,284.0,300.0,323.0,242.0,307.0,431.0,247.0,201.0,276.0,346.0,243.0,277.0,293.0,351.0,517.0,383.0,421.0,404.0,492.0,492.0,397.0,699.0,538.0,797.0,501.0,761.0,665.0,655.0,753.0,1261.0,1069.0,1119.0,905.0,1187.0,869.0,1144.0,889.0,806.0,1011.0,354.0,332.0,367.0,371.0,362.0,301.0,352.0,311.0,323.0,426.0,539.0,461.0,431.0,497.0,837.0,720.0,921.0,895.0,816.0,869.0,894.0,857.0,858.0,244.0,404.0,295.0,497.0,541.0,437.0,699.0,648.0,690.0,525.0,633.0,617.0,596.0,106.0,102.0,110.0,104.0,91.0,101.0,92.0,102.0,101.0,91.0,74.0,114.0,127.0,106.0,98.0,104.0,98.0,106.0,308.0,264.0,394.0,298.0,280.0,287.0,274.0,253.0,263.0,331.0,237.0,370.0,349.0,272.0,332.0,322.0,330.0,361.0,420.0,385.0,393.0,421.0,436.0,401.0,405.0,424.0,403.0,406.0,295.0,452.0,406.0,366.0,379.0,404.0,395.0,421.0,98.0,85.0,156.0,136.0,107.0,138.0,139.0,111.0,145.0,1405.0,1491.0,1937.0,1894.0,1489.0,408.0,401.0,465.0,443.0,467.0,409.0,451.0,419.0,457.0,81.0,68.0,89.0,81.0,98.0,71.0,88.0,83.0,73.0,156.0,128.0,141.0,153.0,144.0,141.0,150.0,144.0,145.0,569.0,531.0,590.0,589.0,620.0,518.0,655.0,624.0,498.0,285.0,223.0,297.0,344.0,270.0,305.0,298.0,272.0,263.0,501.0,420.0,512.0,561.0,538.0,439.0,434.0,500.0,375.0,515.0,554.0,468.0,544.0,522.0,415.0,541.0,517.0,558.0,580.0,821.0,1231.0,650.0,1607.0,1122.0,655.0,1347.0,250.0,175.0,201.0,286.0,326.0,256.0,77.0,63.0,102.0,90.0,74.0,71.0,87.0,82.0,77.0,350.0,279.0,256.0,342.0,375.0,285.0,336.0,325.0,309.0,269.0,220.0,359.0,292.0,288.0,291.0,258.0,295.0,297.0,1338.0,1007.0,1418.0,1150.0,920.0,264.0,194.0,397.0,303.0,231.0,388.0,295.0,290.0,356.0,364.0,406.0,487.0,414.0,388.0,331.0,439.0,424.0,406.0,508.0,439.0,658.0,587.0,548.0,606.0,597.0,531.0,573.0,137.0,141.0,159.0,122.0,134.0,138.0,138.0,130.0,129.0,769.0,667.0,606.0,883.0,784.0,771.0,828.0,815.0,903.0
2017-07-01,193.0,171.0,292.0,185.0,193.0,110.0,202.0,184.0,171.0,140.0,135.0,114.0,181.0,166.0,140.0,190.0,171.0,216.0,213.0,208.0,246.0,210.0,167.0,163.0,190.0,252.0,153.0,209.0,235.0,183.0,211.0,187.0,212.0,265.0,184.0,199.0,263.0,228.0,247.0,262.0,277.0,290.0,290.0,295.0,227.0,291.0,246.0,218.0,399.0,193.0,193.0,311.0,332.0,233.0,238.0,268.0,334.0,360.0,229.0,386.0,406.0,457.0,408.0,429.0,790.0,753.0,770.0,556.0,555.0,914.0,862.0,711.0,1068.0,1098.0,955.0,818.0,1142.0,733.0,932.0,848.0,638.0,931.0,349.0,297.0,408.0,388.0,367.0,280.0,361.0,312.0,315.0,707.0,654.0,538.0,614.0,633.0,692.0,640.0,805.0,671.0,615.0,780.0,715.0,636.0,693.0,308.0,347.0,314.0,533.0,430.0,379.0,670.0,645.0,648.0,501.0,489.0,477.0,563.0,101.0,97.0,94.0,88.0,90.0,88.0,87.0,90.0,93.0,59.0,71.0,65.0,87.0,62.0,59.0,81.0,68.0,78.0,352.0,438.0,381.0,304.0,281.0,282.0,270.0,268.0,267.0,242.0,203.0,293.0,321.0,235.0,293.0,263.0,266.0,290.0,409.0,386.0,389.0,335.0,389.0,371.0,388.0,397.0,380.0,461.0,383.0,609.0,481.0,381.0,441.0,499.0,471.0,476.0,96.0,97.0,86.0,90.0,96.0,71.0,93.0,92.0,101.0,1268.0,1665.0,1746.0,1962.0,1731.0,424.0,445.0,435.0,405.0,458.0,402.0,409.0,380.0,413.0,55.0,64.0,56.0,52.0,59.0,65.0,51.0,53.0,57.0,164.0,132.0,127.0,144.0,146.0,125.0,142.0,133.0,135.0,708.0,709.0,590.0,615.0,784.0,579.0,658.0,643.0,574.0,437.0,540.0,434.0,381.0,420.0,358.0,316.0,403.0,320.0,724.0,435.0,496.0,590.0,582.0,474.0,552.0,543.0,433.0,489.0,537.0,474.0,530.0,497.0,390.0,523.0,496.0,523.0,610.0,362.0,884.0,724.0,876.0,761.0,918.0,826.0,272.0,280.0,187.0,248.0,270.0,264.0,55.0,54.0,67.0,56.0,56.0,52.0,64.0,60.0,60.0,274.0,287.0,313.0,242.0,299.0,278.0,262.0,254.0,243.0,220.0,189.0,277.0,244.0,231.0,241.0,258.0,268.0,266.0,1178.0,797.0,1155.0,1111.0,942.0,268.0,225.0,352.0,434.0,300.0,407.0,356.0,312.0,370.0,406.0,376.0,299.0,397.0,366.0,317.0,372.0,392.0,354.0,524.0,381.0,601.0,553.0,512.0,540.0,598.0,551.0,553.0,107.0,130.0,127.0,95.0,115.0,122.0,121.0,110.0,110.0,741.0,681.0,615.0,864.0,738.0,725.0,780.0,770.0,899.0
2017-08-01,179.0,137.0,277.0,170.0,183.0,84.0,196.0,178.0,167.0,176.0,169.0,151.0,198.0,196.0,178.0,187.0,198.0,195.0,211.0,196.0,246.0,215.0,164.0,207.0,253.0,200.0,172.0,225.0,232.0,202.0,334.0,331.0,228.0,360.0,301.0,273.0,312.0,309.0,307.0,368.0,362.0,395.0,425.0,503.0,433.0,420.0,377.0,392.0,387.0,182.0,182.0,303.0,296.0,215.0,227.0,234.0,304.0,400.0,266.0,515.0,578.0,431.0,388.0,452.0,1165.0,1120.0,1317.0,889.0,734.0,1225.0,1174.0,861.0,2563.0,2378.0,1175.0,1098.0,1207.0,1047.0,878.0,904.0,757.0,969.0,326.0,273.0,270.0,382.0,363.0,307.0,352.0,316.0,313.0,1243.0,830.0,1342.0,1034.0,1319.0,649.0,569.0,850.0,714.0,617.0,801.0,685.0,669.0,687.0,480.0,506.0,328.0,652.0,472.0,421.0,666.0,702.0,758.0,509.0,531.0,546.0,598.0,88.0,96.0,71.0,86.0,84.0,85.0,85.0,87.0,89.0,88.0,86.0,67.0,105.0,88.0,71.0,82.0,76.0,87.0,399.0,526.0,355.0,399.0,375.0,412.0,365.0,350.0,359.0,260.0,240.0,316.0,352.0,254.0,276.0,276.0,279.0,295.0,412.0,394.0,379.0,359.0,389.0,380.0,413.0,417.0,391.0,718.0,600.0,640.0,713.0,636.0,593.0,686.0,723.0,602.0,85.0,81.0,63.0,71.0,67.0,54.0,70.0,67.0,72.0,1457.0,1708.0,1876.0,1957.0,1917.0,607.0,587.0,373.0,436.0,613.0,366.0,454.0,469.0,414.0,102.0,95.0,77.0,99.0,112.0,115.0,87.0,87.0,89.0,114.0,120.0,102.0,128.0,114.0,107.0,113.0,112.0,125.0,1092.0,1059.0,739.0,852.0,1126.0,824.0,823.0,835.0,829.0,583.0,645.0,441.0,580.0,611.0,488.0,408.0,524.0,412.0,1059.0,1057.0,671.0,867.0,1013.0,640.0,882.0,889.0,575.0,507.0,517.0,477.0,520.0,495.0,376.0,519.0,501.0,529.0,438.0,309.0,692.0,482.0,628.0,532.0,631.0,591.0,385.0,392.0,410.0,367.0,396.0,382.0,96.0,98.0,68.0,85.0,92.0,75.0,90.0,85.0,82.0,296.0,279.0,302.0,251.0,305.0,297.0,258.0,268.0,256.0,313.0,319.0,284.0,362.0,388.0,278.0,344.0,333.0,323.0,1647.0,1398.0,1616.0,1436.0,1217.0,322.0,302.0,337.0,427.0,347.0,375.0,410.0,355.0,382.0,557.0,475.0,358.0,519.0,499.0,464.0,511.0,505.0,464.0,686.0,592.0,532.0,672.0,723.0,579.0,653.0,659.0,673.0,182.0,191.0,149.0,168.0,176.0,182.0,168.0,159.0,164.0,797.0,736.0,623.0,909.0,874.0,813.0,859.0,844.0,914.0
2017-09-01,250.0,212.0,283.0,250.0,244.0,198.0,271.0,261.0,257.0,176.0,204.0,150.0,217.0,249.0,159.0,129.0,134.0,144.0,145.0,129.0,156.0,228.0,164.0,190.0,234.0,217.0,153.0,212.0,229.0,190.0,322.0,278.0,248.0,305.0,300.0,248.0,307.0,308.0,285.0,380.0,392.0,338.0,378.0,373.0,323.0,379.0,331.0,296.0,348.0,202.0,177.0,234.0,256.0,190.0,219.0,217.0,280.0,313.0,216.0,381.0,395.0,362.0,303.0,327.0,1023.0,955.0,935.0,869.0,666.0,965.0,1054.0,769.0,2588.0,2415.0,1068.0,938.0,1180.0,940.0,884.0,1007.0,689.0,978.0,451.0,452.0,575.0,515.0,485.0,455.0,471.0,444.0,457.0,1029.0,612.0,689.0,896.0,742.0,587.0,476.0,818.0,689.0,638.0,794.0,675.0,759.0,688.0,446.0,432.0,333.0,562.0,464.0,411.0,678.0,619.0,674.0,523.0,527.0,565.0,585.0,73.0,84.0,64.0,72.0,76.0,71.0,72.0,76.0,77.0,105.0,94.0,71.0,114.0,109.0,77.0,90.0,89.0,99.0,368.0,506.0,374.0,382.0,322.0,330.0,372.0,314.0,305.0,311.0,279.0,370.0,372.0,290.0,307.0,332.0,308.0,332.0,445.0,437.0,398.0,482.0,448.0,476.0,488.0,471.0,485.0,770.0,729.0,919.0,830.0,729.0,801.0,738.0,808.0,822.0,94.0,95.0,70.0,86.0,95.0,79.0,88.0,78.0,84.0,1456.0,1655.0,1730.0,2066.0,1965.0,539.0,589.0,328.0,403.0,565.0,293.0,400.0,449.0,370.0,124.0,112.0,72.0,120.0,130.0,112.0,106.0,106.0,104.0,98.0,108.0,71.0,116.0,95.0,97.0,103.0,92.0,110.0,886.0,857.0,706.0,763.0,921.0,740.0,817.0,801.0,686.0,455.0,458.0,336.0,441.0,453.0,417.0,380.0,405.0,367.0,1031.0,863.0,713.0,851.0,978.0,590.0,766.0,803.0,549.0,475.0,477.0,459.0,498.0,494.0,329.0,474.0,464.0,506.0,366.0,256.0,583.0,406.0,515.0,448.0,590.0,496.0,300.0,230.0,246.0,239.0,302.0,273.0,106.0,107.0,63.0,98.0,108.0,84.0,98.0,97.0,93.0,332.0,308.0,233.0,284.0,296.0,319.0,297.0,292.0,284.0,502.0,502.0,370.0,452.0,535.0,398.0,470.0,470.0,421.0,1696.0,1387.0,1452.0,1385.0,1320.0,413.0,404.0,360.0,437.0,430.0,339.0,416.0,384.0,362.0,548.0,496.0,412.0,517.0,507.0,447.0,505.0,531.0,486.0,1067.0,1043.0,720.0,832.0,1082.0,806.0,917.0,847.0,839.0,180.0,189.0,144.0,173.0,182.0,192.0,173.0,174.0,174.0,888.0,893.0,671.0,1054.0,955.0,861.0,964.0,986.0,1044.0
2017-10-01,256.0,222.0,272.0,232.0,225.0,164.0,226.0,221.0,225.0,105.0,104.0,86.0,140.0,156.0,109.0,141.0,135.0,145.0,137.0,133.0,146.0,219.0,172.0,181.0,231.0,188.0,153.0,207.0,218.0,191.0,423.0,423.0,307.0,366.0,403.0,303.0,369.0,360.0,334.0,328.0,325.0,364.0,261.0,384.0,262.0,293.0,279.0,262.0,249.0,204.0,137.0,236.0,221.0,173.0,207.0,211.0,279.0,296.0,204.0,358.0,300.0,302.0,296.0,293.0,960.0,766.0,909.0,823.0,741.0,836.0,916.0,804.0,2183.0,2095.0,1252.0,1088.0,1325.0,1136.0,1103.0,918.0,735.0,1103.0,488.0,432.0,452.0,522.0,527.0,428.0,468.0,419.0,448.0,862.0,687.0,568.0,681.0,674.0,615.0,443.0,773.0,791.0,645.0,811.0,727.0,827.0,725.0,410.0,242.0,317.0,462.0,602.0,420.0,691.0,686.0,647.0,511.0,535.0,612.0,566.0,74.0,80.0,60.0,78.0,75.0,74.0,73.0,78.0,76.0,96.0,79.0,60.0,74.0,97.0,60.0,81.0,77.0,78.0,338.0,399.0,302.0,304.0,288.0,248.0,305.0,255.0,256.0,321.0,273.0,326.0,345.0,284.0,265.0,277.0,275.0,294.0,467.0,416.0,375.0,561.0,479.0,520.0,502.0,494.0,488.0,796.0,623.0,992.0,816.0,696.0,688.0,707.0,775.0,677.0,103.0,97.0,69.0,87.0,97.0,74.0,91.0,86.0,91.0,1854.0,1546.0,1899.0,2191.0,2107.0,492.0,578.0,309.0,373.0,496.0,298.0,385.0,416.0,386.0,65.0,65.0,52.0,50.0,68.0,61.0,54.0,55.0,57.0,91.0,99.0,80.0,97.0,87.0,89.0,92.0,85.0,98.0,712.0,725.0,626.0,591.0,758.0,550.0,636.0,620.0,515.0,482.0,517.0,402.0,420.0,423.0,360.0,322.0,447.0,354.0,786.0,461.0,583.0,616.0,683.0,515.0,561.0,568.0,455.0,390.0,325.0,330.0,401.0,339.0,277.0,352.0,328.0,415.0,356.0,272.0,541.0,438.0,444.0,406.0,565.0,438.0,196.0,160.0,180.0,183.0,231.0,197.0,70.0,77.0,56.0,62.0,73.0,53.0,65.0,62.0,58.0,217.0,218.0,185.0,189.0,257.0,227.0,201.0,191.0,198.0,382.0,381.0,337.0,378.0,426.0,348.0,391.0,418.0,387.0,1314.0,1301.0,1272.0,1243.0,1165.0,379.0,387.0,294.0,399.0,375.0,259.0,354.0,335.0,312.0,475.0,456.0,384.0,415.0,455.0,333.0,452.0,466.0,398.0,808.0,747.0,678.0,758.0,889.0,705.0,814.0,801.0,767.0,142.0,124.0,167.0,119.0,147.0,127.0,143.0,126.0,123.0,951.0,1026.0,712.0,1066.0,975.0,875.0,1028.0,1013.0,1065.0
2017-11-01,310.0,302.0,272.0,281.0,283.0,235.0,295.0,289.0,286.0,116.0,216.0,102.0,151.0,273.0,158.0,142.0,163.0,165.0,155.0,145.0,163.0,238.0,179.0,210.0,249.0,213.0,178.0,238.0,245.0,219.0,464.0,430.0,517.0,493.0,468.0,421.0,477.0,481.0,476.0,527.0,495.0,618.0,597.0,621.0,575.0,662.0,539.0,613.0,231.0,196.0,124.0,217.0,193.0,132.0,169.0,185.0,233.0,243.0,201.0,338.0,252.0,272.0,289.0,289.0,1330.0,1217.0,1503.0,1418.0,1196.0,1128.0,1389.0,1257.0,1831.0,1813.0,2179.0,1844.0,2271.0,1702.0,2274.0,1743.0,1716.0,2247.0,566.0,543.0,734.0,630.0,643.0,519.0,565.0,552.0,577.0,742.0,984.0,766.0,833.0,844.0,668.0,390.0,754.0,829.0,685.0,801.0,758.0,863.0,743.0,529.0,210.0,451.0,392.0,563.0,477.0,793.0,716.0,747.0,555.0,633.0,662.0,633.0,83.0,93.0,64.0,84.0,81.0,78.0,76.0,87.0,84.0,115.0,93.0,85.0,106.0,126.0,75.0,107.0,108.0,105.0,498.0,447.0,459.0,474.0,496.0,419.0,452.0,428.0,438.0,513.0,442.0,714.0,567.0,520.0,520.0,511.0,534.0,576.0,482.0,466.0,397.0,631.0,521.0,558.0,549.0,561.0,581.0,1138.0,915.0,1279.0,1286.0,1099.0,1146.0,1159.0,1117.0,1081.0,152.0,133.0,100.0,122.0,151.0,117.0,143.0,143.0,137.0,2087.0,1647.0,1867.0,2021.0,1940.0,567.0,604.0,373.0,406.0,669.0,286.0,428.0,544.0,397.0,112.0,96.0,84.0,91.0,112.0,71.0,103.0,103.0,81.0,93.0,102.0,76.0,96.0,97.0,88.0,106.0,93.0,103.0,917.0,819.0,922.0,1048.0,1051.0,888.0,954.0,946.0,943.0,767.0,657.0,731.0,829.0,664.0,743.0,661.0,720.0,725.0,781.0,590.0,887.0,818.0,886.0,700.0,880.0,923.0,681.0,421.0,350.0,273.0,426.0,381.0,256.0,370.0,377.0,407.0,351.0,344.0,546.0,449.0,481.0,428.0,576.0,475.0,227.0,225.0,242.0,248.0,306.0,255.0,111.0,93.0,76.0,111.0,106.0,84.0,111.0,108.0,104.0,380.0,350.0,198.0,340.0,360.0,265.0,306.0,332.0,316.0,395.0,378.0,377.0,410.0,415.0,367.0,403.0,436.0,419.0,1604.0,1403.0,1313.0,1557.0,1297.0,575.0,538.0,628.0,638.0,580.0,592.0,601.0,601.0,611.0,500.0,442.0,410.0,472.0,514.0,382.0,453.0,520.0,427.0,728.0,662.0,665.0,743.0,737.0,707.0,773.0,774.0,728.0,362.0,345.0,510.0,503.0,463.0,370.0,433.0,421.0,435.0,1050.0,1014.0,714.0,1116.0,1075.0,919.0,1138.0,1116.0,1108.0
2017-12-01,367.0,372.0,281.0,342.0,357.0,309.0,352.0,355.0,345.0,229.0,241.0,160.0,178.0,299.0,176.0,220.0,207.0,284.0,214.0,214.0,244.0,216.0,177.0,198.0,237.0,214.0,169.0,217.0,227.0,203.0,500.0,455.0,571.0,522.0,486.0,518.0,497.0,516.0,526.0,674.0,713.0,770.0,773.0,728.0,705.0,787.0,676.0,713.0,320.0,256.0,133.0,227.0,206.0,156.0,192.0,220.0,264.0,252.0,214.0,280.0,271.0,252.0,301.0,321.0,1842.0,1700.0,1886.0,1570.0,1684.0,1466.0,1713.0,1488.0,1928.0,2049.0,2752.0,2645.0,2811.0,2409.0,2784.0,2240.0,1941.0,2897.0,656.0,671.0,778.0,667.0,701.0,548.0,610.0,613.0,619.0,900.0,1228.0,1146.0,848.0,1122.0,728.0,502.0,798.0,869.0,512.0,829.0,786.0,904.0,800.0,640.0,404.0,471.0,418.0,636.0,539.0,1008.0,839.0,834.0,750.0,732.0,748.0,756.0,93.0,99.0,71.0,95.0,89.0,88.0,83.0,96.0,95.0,141.0,120.0,164.0,157.0,162.0,143.0,141.0,144.0,149.0,520.0,626.0,637.0,573.0,531.0,498.0,502.0,486.0,499.0,605.0,518.0,796.0,621.0,620.0,627.0,561.0,603.0,652.0,490.0,505.0,431.0,606.0,551.0,581.0,605.0,587.0,583.0,1407.0,1240.0,1390.0,1392.0,1274.0,1257.0,1313.0,1351.0,1275.0,156.0,121.0,144.0,123.0,161.0,119.0,135.0,162.0,132.0,2100.0,1768.0,1900.0,2072.0,1864.0,547.0,525.0,416.0,410.0,641.0,321.0,455.0,531.0,379.0,130.0,97.0,131.0,135.0,130.0,106.0,136.0,130.0,104.0,102.0,107.0,63.0,106.0,97.0,96.0,112.0,97.0,111.0,995.0,837.0,1059.0,1042.0,951.0,973.0,969.0,944.0,914.0,932.0,927.0,735.0,842.0,771.0,761.0,676.0,709.0,731.0,1484.0,918.0,2353.0,1269.0,1217.0,1291.0,1182.0,1252.0,1554.0,375.0,381.0,315.0,402.0,347.0,245.0,374.0,349.0,396.0,421.0,379.0,613.0,497.0,544.0,496.0,682.0,525.0,389.0,336.0,355.0,325.0,405.0,358.0,162.0,133.0,124.0,177.0,162.0,142.0,137.0,155.0,155.0,305.0,300.0,304.0,323.0,307.0,319.0,300.0,302.0,288.0,488.0,468.0,517.0,506.0,512.0,483.0,466.0,496.0,521.0,3570.0,3013.0,2531.0,2635.0,2573.0,628.0,595.0,725.0,631.0,615.0,660.0,611.0,610.0,638.0,726.0,631.0,707.0,614.0,722.0,558.0,596.0,730.0,558.0,843.0,770.0,967.0,951.0,887.0,958.0,901.0,835.0,907.0,522.0,466.0,716.0,613.0,566.0,577.0,550.0,572.0,550.0,1160.0,1251.0,736.0,1247.0,1188.0,1029.0,1265.0,1251.0,1225.0
2018-01-01,388.0,384.0,290.0,372.0,383.0,330.0,382.0,365.0,364.0,278.0,257.0,224.0,222.0,237.0,212.0,373.0,267.0,365.0,338.0,369.0,349.0,215.0,194.0,199.0,255.0,188.0,179.0,209.0,219.0,203.0,424.0,360.0,483.0,438.0,420.0,474.0,427.0,435.0,462.0,703.0,643.0,767.0,769.0,660.0,697.0,774.0,654.0,712.0,377.0,267.0,146.0,235.0,287.0,164.0,214.0,241.0,316.0,260.0,227.0,286.0,293.0,251.0,280.0,310.0,1503.0,1339.0,1549.0,1404.0,1550.0,1309.0,1327.0,1093.0,1254.0,1327.0,1525.0,1234.0,1522.0,1330.0,1541.0,1326.0,1199.0,1607.0,645.0,599.0,633.0,642.0,664.0,525.0,566.0,565.0,590.0,809.0,1042.0,1095.0,763.0,1042.0,739.0,595.0,824.0,851.0,675.0,809.0,763.0,872.0,793.0,646.0,741.0,466.0,643.0,638.0,610.0,837.0,758.0,880.0,664.0,749.0,727.0,741.0,101.0,96.0,77.0,103.0,102.0,97.0,96.0,108.0,109.0,164.0,144.0,216.0,197.0,172.0,189.0,177.0,156.0,189.0,597.0,660.0,680.0,552.0,592.0,495.0,517.0,523.0,500.0,450.0,379.0,531.0,437.0,417.0,423.0,444.0,439.0,457.0,493.0,481.0,389.0,604.0,533.0,560.0,582.0,583.0,574.0,1208.0,1134.0,1174.0,1226.0,1097.0,1084.0,1146.0,1137.0,1085.0,190.0,158.0,170.0,172.0,199.0,150.0,178.0,174.0,155.0,2023.0,1725.0,1820.0,2044.0,1904.0,632.0,556.0,478.0,518.0,715.0,387.0,508.0,622.0,418.0,156.0,114.0,181.0,191.0,153.0,163.0,169.0,160.0,147.0,110.0,118.0,81.0,118.0,110.0,101.0,121.0,112.0,121.0,876.0,699.0,916.0,894.0,804.0,858.0,896.0,810.0,801.0,778.0,667.0,715.0,766.0,605.0,700.0,652.0,637.0,670.0,1088.0,666.0,1601.0,1082.0,1076.0,858.0,1117.0,1046.0,1049.0,365.0,344.0,364.0,376.0,350.0,290.0,356.0,341.0,383.0,400.0,360.0,684.0,468.0,476.0,517.0,608.0,484.0,284.0,356.0,372.0,299.0,351.0,324.0,216.0,170.0,154.0,228.0,211.0,190.0,176.0,194.0,197.0,263.0,274.0,280.0,311.0,274.0,296.0,292.0,286.0,284.0,328.0,276.0,397.0,382.0,364.0,383.0,337.0,370.0,385.0,1981.0,2046.0,1715.0,1828.0,1766.0,701.0,627.0,780.0,720.0,689.0,752.0,689.0,689.0,741.0,675.0,513.0,642.0,533.0,630.0,560.0,501.0,632.0,525.0,680.0,583.0,771.0,806.0,722.0,777.0,743.0,701.0,737.0,406.0,270.0,604.0,484.0,447.0,567.0,444.0,431.0,454.0,1140.0,1140.0,720.0,1213.0,1136.0,1013.0,1174.0,1161.0,1169.0
2018-02-01,364.0,338.0,293.0,369.0,374.0,280.0,369.0,350.0,328.0,286.0,271.0,213.0,210.0,205.0,195.0,317.0,383.0,559.0,463.0,451.0,469.0,219.0,209.0,201.0,246.0,201.0,182.0,204.0,221.0,203.0,339.0,289.0,377.0,359.0,336.0,373.0,343.0,355.0,366.0,592.0,553.0,688.0,656.0,603.0,600.0,645.0,577.0,574.0,380.0,294.0,147.0,241.0,310.0,193.0,257.0,257.0,325.0,276.0,240.0,317.0,289.0,260.0,269.0,329.0,1375.0,1222.0,1301.0,1153.0,1311.0,1192.0,1189.0,1053.0,1435.0,1457.0,1459.0,1175.0,1527.0,1381.0,1826.0,1362.0,1248.0,1630.0,591.0,533.0,682.0,599.0,627.0,498.0,541.0,525.0,552.0,831.0,921.0,846.0,790.0,823.0,749.0,626.0,838.0,880.0,777.0,842.0,805.0,858.0,797.0,580.0,717.0,447.0,560.0,555.0,467.0,928.0,683.0,777.0,613.0,647.0,649.0,655.0,105.0,108.0,83.0,107.0,106.0,102.0,106.0,114.0,119.0,168.0,141.0,193.0,191.0,167.0,175.0,170.0,155.0,171.0,576.0,622.0,636.0,542.0,567.0,470.0,501.0,505.0,482.0,436.0,385.0,609.0,489.0,456.0,471.0,429.0,463.0,504.0,492.0,501.0,411.0,589.0,527.0,548.0,583.0,577.0,576.0,1157.0,1046.0,1028.0,1131.0,1053.0,1013.0,1060.0,1122.0,1017.0,227.0,185.0,197.0,197.0,216.0,175.0,200.0,202.0,180.0,1860.0,1603.0,1735.0,1835.0,1762.0,695.0,590.0,589.0,633.0,857.0,441.0,503.0,716.0,480.0,161.0,114.0,190.0,194.0,163.0,178.0,174.0,166.0,162.0,117.0,134.0,85.0,124.0,115.0,110.0,145.0,122.0,131.0,687.0,596.0,761.0,752.0,704.0,722.0,716.0,697.0,625.0,615.0,524.0,639.0,697.0,524.0,661.0,583.0,574.0,582.0,944.0,595.0,924.0,659.0,869.0,685.0,702.0,790.0,589.0,360.0,332.0,300.0,348.0,329.0,267.0,343.0,330.0,370.0,404.0,373.0,682.0,474.0,522.0,501.0,603.0,515.0,294.0,465.0,418.0,322.0,390.0,360.0,282.0,209.0,208.0,288.0,271.0,247.0,238.0,247.0,255.0,289.0,297.0,352.0,316.0,290.0,317.0,291.0,309.0,293.0,323.0,290.0,373.0,370.0,357.0,343.0,324.0,348.0,370.0,1440.0,1405.0,1090.0,1189.0,1322.0,750.0,653.0,827.0,782.0,711.0,737.0,736.0,724.0,773.0,658.0,492.0,673.0,549.0,621.0,577.0,545.0,638.0,546.0,644.0,574.0,720.0,792.0,721.0,727.0,723.0,684.0,713.0,358.0,273.0,448.0,394.0,391.0,419.0,379.0,387.0,367.0,1021.0,1024.0,686.0,1167.0,1049.0,970.0,1039.0,1043.0,1096.0
2018-03-01,220.0,178.0,280.0,215.0,213.0,106.0,205.0,187.0,178.0,165.0,182.0,161.0,139.0,150.0,139.0,490.0,425.0,512.0,433.0,459.0,436.0,211.0,183.0,196.0,237.0,225.0,179.0,203.0,226.0,197.0,269.0,228.0,317.0,296.0,263.0,309.0,286.0,293.0,302.0,232.0,206.0,373.0,303.0,308.0,282.0,304.0,237.0,265.0,436.0,338.0,133.0,330.0,330.0,263.0,294.0,283.0,360.0,230.0,183.0,286.0,293.0,236.0,224.0,301.0,1305.0,1112.0,1261.0,1036.0,1189.0,1084.0,1188.0,891.0,937.0,939.0,1468.0,1227.0,1573.0,1402.0,1563.0,1312.0,1140.0,1602.0,428.0,429.0,431.0,483.0,454.0,341.0,393.0,353.0,370.0,314.0,615.0,537.0,365.0,529.0,794.0,671.0,828.0,931.0,954.0,845.0,847.0,905.0,841.0,225.0,422.0,284.0,403.0,525.0,422.0,857.0,663.0,660.0,574.0,606.0,642.0,616.0,111.0,109.0,84.0,108.0,106.0,104.0,102.0,122.0,124.0,115.0,89.0,147.0,137.0,114.0,126.0,118.0,113.0,116.0,268.0,271.0,410.0,295.0,317.0,317.0,285.0,289.0,289.0,423.0,346.0,545.0,445.0,389.0,428.0,414.0,420.0,461.0,463.0,472.0,403.0,493.0,458.0,493.0,465.0,486.0,446.0,626.0,465.0,679.0,669.0,494.0,583.0,630.0,557.0,563.0,237.0,184.0,187.0,217.0,249.0,205.0,233.0,217.0,204.0,1768.0,1540.0,1774.0,1870.0,1765.0,442.0,378.0,538.0,483.0,482.0,414.0,420.0,481.0,418.0,107.0,78.0,168.0,140.0,103.0,148.0,130.0,108.0,135.0,111.0,114.0,72.0,105.0,95.0,101.0,124.0,99.0,115.0,325.0,308.0,487.0,424.0,313.0,420.0,373.0,345.0,391.0,322.0,283.0,379.0,370.0,318.0,381.0,354.0,294.0,323.0,660.0,416.0,730.0,557.0,572.0,595.0,498.0,528.0,482.0,350.0,327.0,306.0,317.0,308.0,250.0,303.0,309.0,341.0,403.0,279.0,514.0,436.0,447.0,459.0,567.0,432.0,154.0,287.0,267.0,182.0,181.0,226.0,136.0,103.0,158.0,156.0,132.0,144.0,128.0,129.0,139.0,307.0,262.0,343.0,334.0,326.0,307.0,296.0,313.0,284.0,311.0,262.0,373.0,347.0,349.0,331.0,305.0,332.0,348.0,983.0,890.0,730.0,748.0,824.0,545.0,438.0,611.0,556.0,488.0,551.0,524.0,538.0,573.0,270.0,226.0,356.0,286.0,245.0,300.0,253.0,275.0,301.0,515.0,477.0,612.0,645.0,619.0,600.0,624.0,599.0,605.0,136.0,105.0,244.0,189.0,146.0,178.0,183.0,157.0,171.0,832.0,624.0,683.0,948.0,773.0,847.0,881.0,834.0,930.0
2018-04-01,166.0,135.0,240.0,155.0,151.0,77.0,162.0,143.0,128.0,197.0,158.0,144.0,119.0,151.0,124.0,432.0,391.0,505.0,435.0,415.0,432.0,203.0,179.0,176.0,216.0,246.0,156.0,194.0,220.0,181.0,178.0,138.0,228.0,217.0,178.0,228.0,206.0,200.0,216.0,239.0,208.0,410.0,312.0,324.0,281.0,302.0,238.0,270.0,443.0,372.0,143.0,335.0,387.0,248.0,309.0,316.0,379.0,210.0,186.0,291.0,368.0,246.0,226.0,253.0,1081.0,842.0,1081.0,943.0,975.0,931.0,972.0,833.0,893.0,984.0,1426.0,1136.0,1530.0,1406.0,1328.0,1239.0,1126.0,1503.0,321.0,327.0,341.0,400.0,387.0,305.0,337.0,294.0,302.0,440.0,750.0,724.0,477.0,674.0,816.0,724.0,846.0,940.0,884.0,889.0,894.0,950.0,909.0,210.0,343.0,271.0,394.0,530.0,427.0,897.0,675.0,636.0,541.0,599.0,653.0,596.0,102.0,98.0,86.0,106.0,96.0,104.0,92.0,104.0,103.0,69.0,57.0,108.0,97.0,77.0,91.0,86.0,68.0,84.0,288.0,286.0,388.0,271.0,346.0,273.0,262.0,271.0,248.0,342.0,277.0,411.0,350.0,313.0,325.0,327.0,353.0,369.0,448.0,442.0,406.0,421.0,390.0,448.0,416.0,422.0,397.0,467.0,295.0,496.0,488.0,393.0,456.0,458.0,422.0,439.0,212.0,182.0,153.0,209.0,216.0,221.0,232.0,221.0,224.0,1686.0,1791.0,2091.0,2082.0,1885.0,345.0,290.0,420.0,340.0,414.0,337.0,336.0,329.0,329.0,47.0,43.0,69.0,63.0,53.0,59.0,60.0,48.0,48.0,110.0,110.0,69.0,114.0,119.0,92.0,130.0,114.0,116.0,485.0,449.0,655.0,579.0,485.0,554.0,513.0,471.0,496.0,271.0,231.0,346.0,301.0,299.0,314.0,291.0,269.0,259.0,593.0,334.0,563.0,482.0,469.0,488.0,418.0,411.0,376.0,337.0,306.0,310.0,304.0,293.0,200.0,287.0,287.0,320.0,391.0,345.0,509.0,480.0,531.0,428.0,600.0,535.0,243.0,426.0,275.0,217.0,300.0,267.0,96.0,75.0,119.0,108.0,93.0,101.0,93.0,92.0,91.0,280.0,255.0,326.0,328.0,289.0,311.0,294.0,304.0,284.0,294.0,254.0,346.0,321.0,354.0,312.0,287.0,314.0,324.0,712.0,747.0,844.0,706.0,733.0,332.0,266.0,398.0,349.0,319.0,450.0,316.0,336.0,409.0,444.0,392.0,595.0,504.0,464.0,494.0,430.0,491.0,435.0,475.0,438.0,530.0,570.0,560.0,558.0,572.0,539.0,545.0,126.0,81.0,197.0,156.0,128.0,166.0,161.0,142.0,150.0,718.0,696.0,665.0,759.0,729.0,753.0,811.0,748.0,866.0
2018-05-01,189.0,174.0,237.0,163.0,174.0,86.0,173.0,150.0,144.0,145.0,120.0,137.0,145.0,170.0,122.0,341.0,252.0,460.0,409.0,364.0,394.0,228.0,217.0,257.0,266.0,271.0,195.0,227.0,255.0,223.0,220.0,185.0,294.0,249.0,223.0,261.0,242.0,244.0,255.0,228.0,243.0,374.0,267.0,249.0,245.0,304.0,233.0,242.0,487.0,399.0,173.0,470.0,440.0,335.0,369.0,368.0,424.0,335.0,336.0,378.0,458.0,381.0,360.0,329.0,960.0,684.0,905.0,807.0,917.0,796.0,837.0,883.0,1061.0,1165.0,1105.0,978.0,1250.0,1185.0,1172.0,1044.0,985.0,1273.0,356.0,379.0,470.0,413.0,400.0,306.0,359.0,338.0,332.0,605.0,910.0,820.0,492.0,744.0,896.0,767.0,724.0,996.0,1040.0,900.0,891.0,988.0,972.0,279.0,373.0,267.0,477.0,616.0,495.0,766.0,656.0,762.0,538.0,657.0,672.0,610.0,93.0,80.0,91.0,93.0,93.0,97.0,81.0,87.0,92.0,62.0,52.0,126.0,106.0,79.0,105.0,71.0,68.0,86.0,280.0,263.0,389.0,288.0,304.0,255.0,281.0,267.0,245.0,369.0,300.0,459.0,379.0,330.0,351.0,342.0,372.0,396.0,451.0,450.0,407.0,429.0,400.0,445.0,428.0,435.0,408.0,375.0,282.0,413.0,413.0,284.0,370.0,378.0,327.0,392.0,112.0,106.0,145.0,122.0,103.0,135.0,117.0,113.0,136.0,1195.0,1713.0,1817.0,1787.0,1419.0,453.0,468.0,470.0,442.0,489.0,434.0,503.0,434.0,470.0,55.0,63.0,87.0,80.0,63.0,71.0,72.0,66.0,55.0,130.0,123.0,96.0,117.0,127.0,97.0,120.0,117.0,119.0,481.0,499.0,663.0,526.0,492.0,501.0,563.0,512.0,446.0,299.0,304.0,403.0,279.0,318.0,286.0,270.0,277.0,239.0,593.0,384.0,441.0,530.0,523.0,437.0,482.0,493.0,371.0,338.0,311.0,297.0,318.0,303.0,222.0,313.0,309.0,335.0,436.0,496.0,513.0,537.0,584.0,557.0,596.0,564.0,163.0,207.0,233.0,185.0,180.0,221.0,74.0,51.0,86.0,85.0,57.0,69.0,75.0,70.0,64.0,312.0,276.0,365.0,364.0,340.0,338.0,349.0,352.0,322.0,238.0,194.0,294.0,268.0,275.0,273.0,225.0,257.0,261.0,1781.0,1400.0,1470.0,1671.0,1257.0,277.0,214.0,376.0,290.0,239.0,384.0,279.0,265.0,347.0,343.0,314.0,554.0,362.0,334.0,376.0,334.0,360.0,354.0,407.0,357.0,440.0,489.0,483.0,496.0,483.0,454.0,469.0,151.0,135.0,198.0,153.0,158.0,170.0,166.0,157.0,149.0,764.0,756.0,525.0,898.0,807.0,808.0,881.0,827.0,913.0
2018-06-01,183.0,167.0,265.0,170.0,187.0,111.0,189.0,170.0,170.0,115.0,175.0,132.0,179.0,189.0,133.0,184.0,176.0,263.0,258.0,219.0,295.0,241.0,219.0,243.0,277.0,301.0,209.0,257.0,282.0,217.0,211.0,175.0,282.0,259.0,198.0,247.0,262.0,242.0,270.0,222.0,220.0,327.0,260.0,231.0,237.0,260.0,200.0,244.0,488.0,338.0,218.0,411.0,379.0,335.0,384.0,396.0,431.0,478.0,375.0,533.0,489.0,540.0,552.0,428.0,712.0,667.0,881.0,647.0,813.0,750.0,784.0,820.0,1193.0,987.0,1241.0,1003.0,1255.0,1008.0,1235.0,1009.0,912.0,1175.0,346.0,324.0,398.0,390.0,378.0,303.0,349.0,315.0,319.0,418.0,516.0,489.0,434.0,535.0,829.0,794.0,861.0,928.0,845.0,850.0,906.0,870.0,889.0,258.0,386.0,273.0,518.0,590.0,469.0,719.0,639.0,690.0,539.0,640.0,625.0,594.0,80.0,71.0,83.0,86.0,86.0,79.0,76.0,83.0,77.0,85.0,72.0,90.0,108.0,90.0,87.0,96.0,90.0,98.0,270.0,250.0,399.0,270.0,252.0,237.0,273.0,246.0,246.0,338.0,252.0,393.0,384.0,296.0,342.0,341.0,350.0,389.0,424.0,443.0,371.0,400.0,391.0,426.0,408.0,396.0,375.0,411.0,341.0,459.0,482.0,348.0,440.0,454.0,413.0,476.0,78.0,71.0,118.0,96.0,77.0,101.0,94.0,80.0,107.0,1244.0,1520.0,2036.0,1840.0,1660.0,429.0,412.0,450.0,403.0,471.0,391.0,452.0,397.0,401.0,82.0,69.0,88.0,85.0,92.0,77.0,83.0,82.0,74.0,85.0,68.0,66.0,69.0,68.0,78.0,65.0,66.0,69.0,498.0,462.0,486.0,519.0,555.0,480.0,583.0,552.0,466.0,346.0,314.0,330.0,343.0,304.0,334.0,329.0,327.0,312.0,617.0,391.0,377.0,509.0,525.0,423.0,444.0,487.0,353.0,339.0,313.0,273.0,323.0,312.0,262.0,323.0,311.0,346.0,896.0,810.0,1223.0,836.0,1300.0,1145.0,792.0,1100.0,268.0,201.0,181.0,302.0,309.0,266.0,80.0,67.0,97.0,94.0,69.0,78.0,91.0,88.0,80.0,277.0,229.0,321.0,272.0,303.0,253.0,285.0,282.0,264.0,231.0,199.0,337.0,263.0,240.0,257.0,213.0,253.0,260.0,1679.0,1130.0,1085.0,1253.0,1025.0,328.0,259.0,484.0,315.0,243.0,410.0,325.0,310.0,378.0,374.0,397.0,490.0,388.0,376.0,304.0,412.0,421.0,422.0,402.0,349.0,636.0,478.0,452.0,507.0,481.0,447.0,462.0,136.0,148.0,137.0,123.0,134.0,129.0,144.0,134.0,131.0,725.0,665.0,599.0,803.0,792.0,730.0,833.0,803.0,880.0
2018-07-01,195.0,179.0,294.0,210.0,207.0,145.0,219.0,201.0,195.0,160.0,172.0,143.0,170.0,191.0,150.0,182.0,169.0,210.0,218.0,210.0,260.0,288.0,240.0,262.0,263.0,331.0,218.0,287.0,310.0,236.0,369.0,331.0,309.0,391.0,333.0,299.0,345.0,367.0,353.0,395.0,353.0,457.0,334.0,437.0,317.0,376.0,331.0,291.0,442.0,269.0,296.0,403.0,400.0,323.0,328.0,356.0,414.0,435.0,223.0,448.0,495.0,448.0,426.0,425.0,964.0,972.0,1005.0,716.0,782.0,1165.0,1183.0,854.0,2068.0,1517.0,1361.0,1140.0,1408.0,992.0,1271.0,1115.0,983.0,1202.0,340.0,331.0,477.0,375.0,377.0,291.0,346.0,311.0,324.0,776.0,961.0,709.0,767.0,846.0,743.0,731.0,858.0,807.0,729.0,803.0,786.0,752.0,773.0,349.0,421.0,340.0,595.0,583.0,526.0,751.0,748.0,835.0,569.0,560.0,617.0,653.0,94.0,88.0,103.0,94.0,88.0,94.0,89.0,97.0,95.0,111.0,117.0,92.0,135.0,119.0,97.0,116.0,111.0,121.0,384.0,469.0,521.0,337.0,344.0,322.0,337.0,322.0,301.0,330.0,272.0,354.0,369.0,312.0,331.0,323.0,351.0,346.0,439.0,452.0,401.0,391.0,380.0,400.0,399.0,395.0,373.0,782.0,549.0,678.0,645.0,611.0,617.0,655.0,686.0,635.0,184.0,165.0,130.0,140.0,174.0,138.0,155.0,156.0,151.0,1277.0,1390.0,1789.0,1935.0,1843.0,583.0,509.0,470.0,418.0,667.0,401.0,468.0,491.0,416.0,88.0,79.0,92.0,83.0,95.0,89.0,77.0,79.0,76.0,91.0,63.0,71.0,72.0,82.0,75.0,76.0,71.0,72.0,814.0,820.0,725.0,721.0,879.0,679.0,732.0,745.0,677.0,592.0,593.0,571.0,625.0,596.0,517.0,461.0,570.0,491.0,842.0,532.0,617.0,662.0,767.0,511.0,684.0,646.0,446.0,358.0,340.0,307.0,349.0,344.0,272.0,350.0,341.0,367.0,663.0,494.0,939.0,873.0,726.0,820.0,1014.0,674.0,329.0,371.0,251.0,372.0,332.0,337.0,106.0,97.0,117.0,103.0,110.0,92.0,102.0,101.0,101.0,307.0,294.0,321.0,279.0,297.0,272.0,285.0,264.0,257.0,303.0,260.0,308.0,302.0,313.0,272.0,306.0,327.0,321.0,1313.0,1191.0,1168.0,1311.0,1143.0,476.0,427.0,592.0,562.0,491.0,508.0,511.0,496.0,500.0,528.0,505.0,388.0,500.0,440.0,372.0,467.0,498.0,447.0,738.0,607.0,731.0,657.0,655.0,658.0,713.0,694.0,674.0,178.0,177.0,168.0,135.0,161.0,160.0,156.0,149.0,146.0,718.0,685.0,596.0,840.0,786.0,686.0,792.0,785.0,876.0
2018-08-01,206.0,163.0,304.0,218.0,236.0,183.0,254.0,227.0,226.0,159.0,198.0,165.0,199.0,174.0,186.0,306.0,310.0,257.0,299.0,323.0,334.0,258.0,205.0,259.0,277.0,247.0,227.0,263.0,276.0,238.0,406.0,368.0,296.0,437.0,376.0,326.0,406.0,394.0,377.0,383.0,372.0,391.0,468.0,404.0,411.0,457.0,371.0,380.0,463.0,276.0,327.0,435.0,398.0,347.0,340.0,350.0,425.0,331.0,173.0,453.0,478.0,359.0,330.0,397.0,1903.0,1411.0,1775.0,1584.0,949.0,1860.0,1910.0,1097.0,2950.0,2509.0,1912.0,1501.0,1825.0,1605.0,1154.0,1468.0,1146.0,1442.0,376.0,363.0,532.0,415.0,424.0,328.0,396.0,365.0,377.0,1270.0,1032.0,1097.0,1149.0,1358.0,711.0,622.0,842.0,849.0,751.0,816.0,786.0,750.0,761.0,416.0,395.0,394.0,699.0,581.0,506.0,776.0,817.0,838.0,563.0,623.0,636.0,678.0,112.0,117.0,98.0,112.0,104.0,101.0,108.0,114.0,113.0,122.0,122.0,102.0,137.0,120.0,94.0,115.0,106.0,116.0,399.0,485.0,431.0,424.0,392.0,419.0,403.0,370.0,420.0,320.0,276.0,369.0,342.0,288.0,272.0,312.0,314.0,309.0,447.0,443.0,412.0,404.0,387.0,397.0,434.0,429.0,414.0,957.0,739.0,870.0,1037.0,788.0,849.0,933.0,877.0,831.0,146.0,141.0,103.0,139.0,140.0,115.0,137.0,137.0,141.0,1516.0,1432.0,1529.0,1824.0,1900.0,718.0,689.0,443.0,510.0,756.0,426.0,555.0,624.0,471.0,147.0,119.0,133.0,172.0,155.0,162.0,125.0,128.0,124.0,139.0,134.0,108.0,125.0,140.0,99.0,114.0,130.0,117.0,1063.0,1016.0,860.0,938.0,1068.0,840.0,867.0,889.0,825.0,490.0,460.0,407.0,604.0,563.0,516.0,451.0,458.0,442.0,917.0,992.0,726.0,1025.0,1172.0,764.0,1167.0,1038.0,733.0,444.0,437.0,373.0,435.0,442.0,321.0,420.0,430.0,423.0,453.0,366.0,620.0,489.0,557.0,490.0,635.0,532.0,459.0,469.0,360.0,498.0,485.0,484.0,115.0,109.0,118.0,109.0,115.0,95.0,104.0,102.0,101.0,435.0,385.0,310.0,391.0,394.0,395.0,408.0,372.0,379.0,397.0,395.0,381.0,476.0,511.0,376.0,418.0,428.0,434.0,2321.0,2089.0,2561.0,2731.0,2168.0,572.0,518.0,507.0,656.0,555.0,532.0,596.0,551.0,555.0,677.0,558.0,446.0,583.0,597.0,525.0,578.0,578.0,559.0,918.0,809.0,769.0,919.0,923.0,809.0,904.0,911.0,898.0,163.0,171.0,161.0,146.0,160.0,172.0,164.0,149.0,153.0,798.0,761.0,626.0,1045.0,920.0,761.0,929.0,885.0,961.0
2018-09-01,284.0,261.0,312.0,294.0,316.0,276.0,321.0,298.0,298.0,152.0,220.0,161.0,178.0,218.0,163.0,278.0,282.0,287.0,254.0,248.0,277.0,252.0,181.0,211.0,257.0,268.0,175.0,219.0,255.0,198.0,401.0,335.0,321.0,450.0,398.0,361.0,436.0,425.0,399.0,419.0,395.0,444.0,430.0,510.0,419.0,486.0,414.0,358.0,463.0,301.0,263.0,329.0,366.0,308.0,312.0,328.0,374.0,295.0,197.0,428.0,442.0,336.0,309.0,341.0,1509.0,1069.0,1412.0,1259.0,823.0,1367.0,1420.0,1005.0,3313.0,3378.0,1335.0,1172.0,1449.0,1236.0,1014.0,1209.0,968.0,1182.0,506.0,489.0,694.0,540.0,585.0,487.0,495.0,474.0,492.0,1128.0,936.0,1040.0,1181.0,1289.0,643.0,524.0,804.0,836.0,693.0,812.0,770.0,826.0,731.0,467.0,445.0,432.0,693.0,582.0,519.0,772.0,704.0,757.0,581.0,603.0,687.0,642.0,110.0,122.0,87.0,109.0,101.0,99.0,99.0,112.0,109.0,121.0,107.0,87.0,135.0,123.0,93.0,109.0,106.0,115.0,416.0,532.0,477.0,443.0,396.0,421.0,445.0,387.0,373.0,402.0,358.0,503.0,494.0,389.0,378.0,393.0,422.0,421.0,461.0,459.0,400.0,498.0,441.0,485.0,502.0,484.0,485.0,908.0,730.0,867.0,909.0,756.0,851.0,901.0,866.0,873.0,205.0,204.0,122.0,168.0,208.0,180.0,188.0,189.0,189.0,1606.0,1166.0,1834.0,1781.0,1846.0,713.0,719.0,388.0,572.0,731.0,399.0,526.0,668.0,489.0,125.0,111.0,81.0,136.0,133.0,118.0,114.0,111.0,112.0,137.0,152.0,96.0,139.0,128.0,117.0,122.0,125.0,128.0,973.0,970.0,794.0,912.0,1061.0,843.0,911.0,925.0,802.0,565.0,547.0,441.0,506.0,553.0,504.0,436.0,514.0,433.0,1235.0,1123.0,729.0,929.0,1197.0,743.0,1108.0,963.0,714.0,433.0,439.0,394.0,433.0,427.0,330.0,438.0,424.0,426.0,386.0,287.0,561.0,431.0,485.0,411.0,552.0,472.0,352.0,311.0,285.0,343.0,388.0,338.0,93.0,88.0,82.0,86.0,91.0,77.0,86.0,84.0,80.0,341.0,306.0,348.0,295.0,330.0,339.0,306.0,299.0,308.0,516.0,487.0,390.0,540.0,560.0,453.0,515.0,509.0,488.0,2216.0,2427.0,2604.0,2787.0,2490.0,517.0,477.0,439.0,534.0,525.0,424.0,519.0,483.0,457.0,689.0,561.0,440.0,599.0,580.0,466.0,573.0,590.0,551.0,1019.0,958.0,662.0,903.0,1066.0,870.0,924.0,854.0,874.0,206.0,217.0,173.0,188.0,197.0,189.0,197.0,194.0,186.0,889.0,915.0,721.0,1061.0,975.0,864.0,981.0,963.0,1044.0
2018-10-01,296.0,295.0,284.0,262.0,294.0,237.0,267.0,271.0,259.0,124.0,179.0,130.0,208.0,217.0,145.0,255.0,256.0,257.0,249.0,240.0,256.0,264.0,207.0,222.0,260.0,264.0,184.0,240.0,267.0,222.0,440.0,386.0,346.0,428.0,423.0,357.0,436.0,436.0,403.0,407.0,404.0,380.0,398.0,441.0,373.0,468.0,397.0,394.0,319.0,295.0,202.0,269.0,296.0,248.0,265.0,277.0,334.0,298.0,210.0,417.0,361.0,325.0,323.0,324.0,1399.0,1039.0,1237.0,1050.0,885.0,1191.0,1268.0,1044.0,2668.0,2596.0,1835.0,1924.0,2017.0,1863.0,1301.0,1760.0,1356.0,1673.0,544.0,537.0,743.0,598.0,646.0,533.0,547.0,524.0,540.0,913.0,746.0,630.0,884.0,770.0,695.0,487.0,761.0,806.0,660.0,765.0,796.0,860.0,759.0,374.0,311.0,427.0,563.0,816.0,549.0,747.0,756.0,804.0,578.0,605.0,744.0,627.0,103.0,107.0,81.0,103.0,101.0,96.0,91.0,108.0,102.0,108.0,88.0,69.0,103.0,112.0,75.0,97.0,100.0,97.0,376.0,493.0,385.0,395.0,349.0,328.0,415.0,351.0,355.0,462.0,417.0,538.0,502.0,411.0,405.0,469.0,435.0,431.0,471.0,459.0,378.0,557.0,446.0,511.0,513.0,513.0,513.0,979.0,916.0,1134.0,1004.0,874.0,937.0,1016.0,950.0,939.0,249.0,239.0,130.0,200.0,237.0,182.0,206.0,224.0,219.0,1872.0,997.0,1898.0,1881.0,1793.0,651.0,721.0,385.0,498.0,756.0,385.0,491.0,600.0,469.0,115.0,103.0,70.0,109.0,121.0,94.0,102.0,103.0,102.0,113.0,125.0,87.0,116.0,108.0,108.0,111.0,108.0,117.0,759.0,746.0,589.0,760.0,862.0,655.0,813.0,801.0,648.0,537.0,502.0,509.0,551.0,503.0,514.0,492.0,503.0,495.0,954.0,669.0,637.0,767.0,940.0,607.0,792.0,784.0,547.0,408.0,412.0,417.0,382.0,385.0,341.0,415.0,385.0,417.0,354.0,262.0,503.0,433.0,430.0,352.0,521.0,418.0,257.0,192.0,227.0,274.0,336.0,240.0,105.0,101.0,63.0,97.0,107.0,74.0,94.0,95.0,88.0,268.0,263.0,237.0,233.0,281.0,288.0,250.0,249.0,260.0,444.0,453.0,400.0,475.0,484.0,437.0,463.0,501.0,466.0,1993.0,1769.0,1812.0,2006.0,1723.0,579.0,578.0,425.0,616.0,603.0,428.0,558.0,556.0,504.0,528.0,462.0,407.0,475.0,523.0,329.0,502.0,530.0,449.0,890.0,802.0,714.0,910.0,950.0,802.0,907.0,892.0,854.0,212.0,176.0,175.0,218.0,220.0,192.0,208.0,207.0,199.0,954.0,996.0,745.0,1040.0,963.0,839.0,998.0,1008.0,1016.0
2018-11-01,298.0,298.0,293.0,273.0,281.0,231.0,276.0,275.0,268.0,117.0,124.0,90.0,136.0,140.0,111.0,295.0,257.0,290.0,290.0,266.0,298.0,242.0,172.0,207.0,252.0,236.0,184.0,239.0,252.0,211.0,282.0,246.0,334.0,311.0,278.0,300.0,324.0,315.0,330.0,212.0,191.0,284.0,245.0,247.0,201.0,251.0,184.0,196.0,319.0,256.0,199.0,277.0,266.0,216.0,211.0,232.0,293.0,246.0,194.0,368.0,304.0,265.0,271.0,277.0,931.0,713.0,924.0,852.0,868.0,774.0,857.0,853.0,1171.0,1175.0,1642.0,1230.0,1583.0,1241.0,1456.0,1374.0,1156.0,1521.0,607.0,616.0,841.0,627.0,669.0,559.0,585.0,581.0,586.0,476.0,606.0,389.0,453.0,438.0,690.0,426.0,748.0,844.0,654.0,827.0,800.0,890.0,794.0,244.0,133.0,311.0,252.0,581.0,460.0,765.0,674.0,664.0,508.0,611.0,635.0,571.0,109.0,108.0,83.0,108.0,107.0,101.0,97.0,110.0,107.0,59.0,48.0,58.0,64.0,73.0,56.0,67.0,65.0,61.0,277.0,272.0,331.0,272.0,282.0,224.0,280.0,279.0,241.0,408.0,327.0,450.0,402.0,342.0,378.0,416.0,387.0,390.0,495.0,460.0,394.0,598.0,529.0,539.0,564.0,541.0,549.0,812.0,606.0,926.0,847.0,728.0,755.0,839.0,780.0,761.0,169.0,152.0,132.0,155.0,169.0,151.0,172.0,174.0,177.0,1831.0,1183.0,1915.0,1681.0,1589.0,483.0,464.0,350.0,359.0,551.0,275.0,389.0,449.0,347.0,69.0,52.0,55.0,63.0,64.0,55.0,64.0,61.0,53.0,117.0,115.0,88.0,119.0,112.0,111.0,119.0,108.0,121.0,464.0,418.0,549.0,462.0,475.0,406.0,441.0,490.0,366.0,347.0,325.0,343.0,331.0,280.0,332.0,321.0,307.0,294.0,630.0,361.0,599.0,493.0,604.0,540.0,487.0,553.0,425.0,410.0,389.0,302.0,402.0,384.0,272.0,413.0,387.0,398.0,324.0,238.0,480.0,343.0,397.0,327.0,477.0,384.0,203.0,186.0,201.0,234.0,281.0,205.0,92.0,70.0,72.0,94.0,98.0,72.0,90.0,90.0,85.0,248.0,235.0,186.0,212.0,267.0,215.0,220.0,247.0,233.0,396.0,362.0,407.0,443.0,463.0,437.0,432.0,451.0,450.0,1173.0,1170.0,1067.0,1253.0,982.0,396.0,302.0,421.0,454.0,377.0,411.0,410.0,424.0,434.0,371.0,308.0,368.0,326.0,389.0,253.0,345.0,388.0,305.0,716.0,629.0,676.0,793.0,785.0,748.0,791.0,780.0,764.0,133.0,89.0,179.0,151.0,146.0,159.0,161.0,157.0,148.0,944.0,872.0,722.0,984.0,890.0,887.0,968.0,964.0,923.0
2018-12-01,293.0,281.0,258.0,247.0,266.0,191.0,275.0,270.0,234.0,111.0,117.0,94.0,99.0,113.0,103.0,285.0,264.0,346.0,310.0,282.0,357.0,204.0,163.0,205.0,233.0,215.0,168.0,212.0,227.0,200.0,530.0,592.0,557.0,579.0,577.0,558.0,505.0,559.0,561.0,277.0,248.0,386.0,292.0,291.0,274.0,324.0,228.0,267.0,426.0,301.0,184.0,284.0,326.0,212.0,257.0,262.0,323.0,295.0,264.0,349.0,311.0,300.0,361.0,352.0,1085.0,1012.0,1231.0,1039.0,1010.0,875.0,1033.0,940.0,1135.0,1157.0,2568.0,2250.0,2602.0,2209.0,2061.0,1912.0,1536.0,2711.0,603.0,569.0,665.0,587.0,642.0,528.0,568.0,540.0,543.0,612.0,762.0,694.0,549.0,661.0,722.0,550.0,799.0,869.0,582.0,842.0,796.0,911.0,799.0,237.0,270.0,314.0,222.0,674.0,500.0,971.0,791.0,706.0,670.0,700.0,712.0,681.0,123.0,122.0,91.0,119.0,116.0,109.0,101.0,124.0,123.0,47.0,40.0,61.0,54.0,53.0,48.0,49.0,58.0,51.0,261.0,274.0,348.0,229.0,282.0,244.0,220.0,217.0,246.0,408.0,336.0,509.0,441.0,397.0,421.0,393.0,428.0,444.0,482.0,458.0,407.0,523.0,465.0,524.0,524.0,492.0,491.0,776.0,593.0,845.0,758.0,717.0,771.0,760.0,719.0,795.0,114.0,91.0,120.0,105.0,110.0,98.0,115.0,127.0,110.0,1605.0,1258.0,1599.0,1586.0,1503.0,412.0,412.0,362.0,362.0,449.0,277.0,382.0,417.0,318.0,45.0,35.0,52.0,52.0,35.0,44.0,48.0,49.0,40.0,110.0,104.0,64.0,116.0,104.0,112.0,115.0,106.0,120.0,454.0,349.0,596.0,485.0,334.0,469.0,448.0,412.0,422.0,469.0,516.0,463.0,465.0,450.0,464.0,416.0,359.0,423.0,1129.0,748.0,2038.0,1047.0,1017.0,1194.0,874.0,1039.0,1349.0,384.0,387.0,332.0,380.0,348.0,227.0,404.0,356.0,382.0,366.0,250.0,504.0,402.0,474.0,382.0,574.0,456.0,174.0,222.0,232.0,224.0,239.0,212.0,63.0,52.0,71.0,83.0,67.0,72.0,73.0,70.0,73.0,166.0,125.0,197.0,178.0,137.0,162.0,166.0,183.0,159.0,293.0,271.0,360.0,335.0,341.0,364.0,319.0,344.0,361.0,1340.0,1251.0,991.0,1286.0,1120.0,380.0,395.0,462.0,392.0,356.0,427.0,359.0,406.0,409.0,320.0,253.0,389.0,325.0,309.0,326.0,307.0,334.0,321.0,495.0,440.0,618.0,591.0,573.0,615.0,579.0,577.0,590.0,128.0,101.0,221.0,171.0,149.0,173.0,170.0,148.0,158.0,995.0,1022.0,754.0,1169.0,1012.0,948.0,1094.0,1080.0,1011.0
2019-01-01,293.0,301.0,271.0,265.0,275.0,229.0,278.0,284.0,251.0,167.0,134.0,126.0,113.0,114.0,136.0,418.0,331.0,412.0,412.0,356.0,414.0,241.0,204.0,233.0,252.0,216.0,186.0,220.0,243.0,211.0,392.0,337.0,491.0,419.0,379.0,454.0,415.0,427.0,458.0,395.0,343.0,561.0,424.0,359.0,397.0,446.0,332.0,412.0,446.0,298.0,187.0,284.0,372.0,210.0,269.0,267.0,363.0,294.0,237.0,378.0,333.0,305.0,310.0,339.0,1265.0,1079.0,1248.0,1195.0,1089.0,1008.0,1066.0,947.0,940.0,978.0,1871.0,1637.0,1849.0,1585.0,1798.0,1621.0,1421.0,2040.0,565.0,535.0,597.0,557.0,636.0,507.0,533.0,506.0,516.0,623.0,898.0,793.0,572.0,835.0,737.0,667.0,838.0,859.0,777.0,799.0,795.0,892.0,826.0,332.0,442.0,314.0,418.0,657.0,565.0,831.0,721.0,734.0,633.0,710.0,716.0,648.0,140.0,139.0,97.0,135.0,141.0,128.0,122.0,145.0,146.0,51.0,42.0,84.0,71.0,51.0,70.0,62.0,53.0,67.0,333.0,337.0,453.0,286.0,304.0,324.0,259.0,279.0,320.0,408.0,335.0,542.0,433.0,402.0,418.0,382.0,420.0,447.0,477.0,463.0,400.0,540.0,467.0,500.0,499.0,502.0,502.0,939.0,768.0,1038.0,933.0,844.0,871.0,872.0,858.0,880.0,99.0,80.0,121.0,106.0,93.0,99.0,101.0,102.0,106.0,1544.0,1244.0,1620.0,1517.0,1362.0,397.0,353.0,378.0,382.0,406.0,291.0,368.0,387.0,310.0,41.0,32.0,44.0,53.0,27.0,47.0,48.0,44.0,40.0,114.0,104.0,86.0,122.0,106.0,113.0,117.0,107.0,119.0,513.0,411.0,706.0,562.0,420.0,574.0,515.0,482.0,535.0,476.0,420.0,633.0,549.0,436.0,546.0,521.0,372.0,499.0,940.0,642.0,1402.0,961.0,1007.0,872.0,1022.0,1048.0,980.0,369.0,363.0,305.0,371.0,344.0,281.0,379.0,345.0,371.0,326.0,221.0,530.0,376.0,443.0,400.0,517.0,436.0,213.0,334.0,309.0,255.0,296.0,284.0,71.0,58.0,89.0,105.0,78.0,95.0,93.0,87.0,99.0,176.0,165.0,215.0,227.0,143.0,206.0,202.0,220.0,198.0,267.0,230.0,317.0,278.0,307.0,313.0,255.0,299.0,300.0,924.0,1115.0,822.0,977.0,952.0,676.0,615.0,792.0,709.0,668.0,712.0,654.0,679.0,730.0,382.0,306.0,438.0,369.0,383.0,433.0,361.0,403.0,404.0,486.0,419.0,565.0,634.0,556.0,586.0,566.0,561.0,558.0,193.0,137.0,322.0,258.0,206.0,270.0,245.0,227.0,241.0,987.0,1115.0,742.0,1182.0,1036.0,944.0,1066.0,1044.0,1106.0
2019-02-01,260.0,294.0,263.0,223.0,246.0,167.0,228.0,224.0,208.0,167.0,145.0,136.0,111.0,115.0,138.0,430.0,344.0,525.0,433.0,428.0,445.0,217.0,189.0,229.0,236.0,196.0,196.0,216.0,233.0,213.0,325.0,287.0,398.0,357.0,322.0,374.0,349.0,354.0,365.0,271.0,239.0,478.0,361.0,289.0,336.0,353.0,266.0,329.0,426.0,308.0,217.0,284.0,342.0,205.0,278.0,278.0,345.0,311.0,240.0,325.0,314.0,333.0,316.0,331.0,1385.0,1152.0,1336.0,1093.0,1121.0,1080.0,1151.0,1002.0,1083.0,1144.0,1622.0,1296.0,1634.0,1412.0,1630.0,1536.0,1225.0,1743.0,466.0,460.0,525.0,505.0,554.0,426.0,468.0,428.0,431.0,405.0,654.0,531.0,453.0,562.0,747.0,666.0,857.0,880.0,828.0,811.0,812.0,889.0,816.0,223.0,390.0,289.0,370.0,545.0,451.0,838.0,648.0,647.0,564.0,604.0,604.0,599.0,144.0,150.0,102.0,144.0,143.0,135.0,130.0,148.0,153.0,58.0,41.0,93.0,88.0,51.0,90.0,68.0,58.0,80.0,276.0,258.0,376.0,279.0,294.0,294.0,271.0,285.0,304.0,453.0,396.0,568.0,468.0,432.0,475.0,433.0,462.0,490.0,508.0,459.0,406.0,521.0,476.0,476.0,383.0,504.0,503.0,812.0,651.0,865.0,800.0,717.0,710.0,803.0,755.0,717.0,90.0,79.0,108.0,89.0,89.0,96.0,84.0,95.0,102.0,1451.0,1074.0,1482.0,1418.0,1369.0,348.0,297.0,406.0,364.0,354.0,307.0,332.0,351.0,326.0,35.0,31.0,46.0,49.0,26.0,46.0,47.0,41.0,40.0,100.0,103.0,75.0,101.0,89.0,108.0,115.0,94.0,107.0,389.0,312.0,600.0,457.0,319.0,492.0,440.0,389.0,421.0,290.0,215.0,383.0,314.0,305.0,345.0,312.0,247.0,295.0,767.0,412.0,622.0,548.0,657.0,636.0,583.0,616.0,447.0,365.0,349.0,326.0,354.0,337.0,241.0,360.0,340.0,356.0,320.0,198.0,502.0,380.0,472.0,363.0,512.0,475.0,226.0,295.0,347.0,231.0,247.0,277.0,67.0,51.0,88.0,92.0,65.0,83.0,77.0,72.0,81.0,172.0,168.0,243.0,227.0,153.0,208.0,204.0,218.0,195.0,324.0,283.0,369.0,354.0,391.0,345.0,313.0,354.0,360.0,743.0,1016.0,679.0,710.0,847.0,672.0,581.0,766.0,696.0,672.0,721.0,671.0,677.0,715.0,348.0,278.0,380.0,320.0,323.0,363.0,302.0,348.0,338.0,645.0,567.0,705.0,768.0,671.0,722.0,699.0,674.0,695.0,159.0,116.0,254.0,228.0,177.0,215.0,214.0,191.0,201.0,931.0,849.0,727.0,1109.0,893.0,991.0,978.0,914.0,1016.0
2019-03-01,223.0,202.0,260.0,161.0,204.0,90.0,172.0,164.0,144.0,179.0,157.0,151.0,119.0,152.0,141.0,439.0,400.0,497.0,424.0,396.0,453.0,221.0,193.0,222.0,230.0,220.0,193.0,215.0,237.0,209.0,301.0,262.0,348.0,323.0,298.0,329.0,312.0,325.0,329.0,195.0,180.0,326.0,218.0,253.0,207.0,222.0,181.0,201.0,434.0,300.0,189.0,276.0,329.0,142.0,263.0,269.0,336.0,312.0,214.0,311.0,317.0,337.0,321.0,305.0,1348.0,1106.0,1340.0,1101.0,1209.0,1095.0,1175.0,985.0,1085.0,1191.0,1557.0,1227.0,1539.0,1407.0,1482.0,1439.0,1184.0,1653.0,393.0,365.0,506.0,452.0,430.0,330.0,376.0,337.0,339.0,342.0,515.0,417.0,365.0,449.0,827.0,714.0,849.0,943.0,881.0,843.0,882.0,930.0,910.0,165.0,300.0,290.0,296.0,576.0,517.0,819.0,694.0,630.0,571.0,619.0,698.0,621.0,130.0,124.0,96.0,138.0,130.0,132.0,117.0,126.0,134.0,61.0,43.0,93.0,93.0,70.0,87.0,74.0,61.0,77.0,215.0,230.0,289.0,222.0,242.0,220.0,201.0,223.0,215.0,377.0,309.0,482.0,402.0,350.0,382.0,358.0,384.0,408.0,486.0,461.0,402.0,463.0,436.0,454.0,638.0,477.0,435.0,493.0,388.0,570.0,464.0,359.0,424.0,459.0,434.0,437.0,103.0,78.0,98.0,103.0,103.0,99.0,111.0,105.0,106.0,1390.0,1078.0,1566.0,1410.0,1406.0,304.0,267.0,350.0,321.0,304.0,283.0,289.0,287.0,274.0,53.0,47.0,58.0,56.0,59.0,54.0,60.0,56.0,47.0,102.0,123.0,58.0,108.0,99.0,90.0,123.0,112.0,114.0,347.0,353.0,445.0,409.0,328.0,351.0,364.0,371.0,363.0,270.0,218.0,282.0,224.0,256.0,258.0,242.0,223.0,213.0,619.0,407.0,589.0,479.0,542.0,573.0,446.0,486.0,421.0,379.0,362.0,331.0,354.0,345.0,246.0,347.0,356.0,347.0,338.0,242.0,504.0,421.0,545.0,385.0,554.0,539.0,230.0,278.0,279.0,211.0,217.0,274.0,56.0,49.0,72.0,66.0,46.0,68.0,55.0,52.0,64.0,214.0,184.0,251.0,251.0,248.0,239.0,244.0,240.0,218.0,360.0,320.0,419.0,408.0,412.0,373.0,349.0,379.0,392.0,688.0,796.0,557.0,495.0,671.0,638.0,570.0,708.0,637.0,600.0,641.0,612.0,615.0,638.0,309.0,302.0,367.0,308.0,274.0,307.0,274.0,296.0,319.0,670.0,599.0,754.0,775.0,733.0,746.0,716.0,694.0,710.0,142.0,117.0,225.0,166.0,160.0,172.0,176.0,169.0,170.0,826.0,691.0,698.0,977.0,778.0,809.0,866.0,821.0,932.0
2019-04-01,233.0,255.0,275.0,197.0,217.0,174.0,216.0,209.0,207.0,164.0,138.0,158.0,124.0,179.0,136.0,468.0,372.0,504.0,448.0,422.0,464.0,242.0,210.0,248.0,250.0,261.0,192.0,225.0,248.0,215.0,190.0,151.0,254.0,228.0,186.0,239.0,215.0,214.0,226.0,218.0,199.0,393.0,301.0,282.0,277.0,287.0,209.0,262.0,377.0,320.0,190.0,255.0,300.0,138.0,228.0,275.0,294.0,329.0,249.0,357.0,337.0,376.0,365.0,309.0,1180.0,928.0,1179.0,884.0,1127.0,1037.0,1054.0,1031.0,1023.0,1139.0,1486.0,1211.0,1512.0,1364.0,1341.0,1333.0,1130.0,1600.0,424.0,436.0,597.0,459.0,455.0,407.0,428.0,420.0,411.0,481.0,794.0,672.0,439.0,668.0,830.0,797.0,814.0,979.0,978.0,911.0,953.0,963.0,980.0,202.0,339.0,292.0,360.0,624.0,489.0,905.0,762.0,651.0,566.0,657.0,723.0,622.0,118.0,105.0,104.0,129.0,122.0,129.0,108.0,117.0,122.0,72.0,60.0,121.0,111.0,78.0,112.0,89.0,73.0,98.0,264.0,254.0,345.0,239.0,273.0,257.0,226.0,256.0,232.0,379.0,300.0,465.0,388.0,334.0,362.0,330.0,379.0,401.0,486.0,475.0,405.0,495.0,448.0,456.0,489.0,484.0,451.0,516.0,394.0,475.0,451.0,421.0,516.0,480.0,467.0,492.0,96.0,86.0,109.0,120.0,104.0,120.0,119.0,112.0,123.0,1592.0,1428.0,1849.0,1708.0,1581.0,347.0,341.0,381.0,348.0,382.0,310.0,356.0,327.0,306.0,72.0,56.0,88.0,84.0,76.0,86.0,74.0,73.0,75.0,142.0,141.0,77.0,141.0,142.0,102.0,142.0,136.0,132.0,395.0,375.0,623.0,499.0,400.0,511.0,453.0,429.0,429.0,269.0,206.0,338.0,269.0,250.0,298.0,252.0,257.0,237.0,548.0,285.0,528.0,491.0,464.0,519.0,387.0,426.0,371.0,368.0,367.0,336.0,360.0,352.0,207.0,353.0,355.0,357.0,322.0,339.0,581.0,472.0,632.0,442.0,597.0,656.0,251.0,431.0,291.0,239.0,278.0,285.0,84.0,62.0,97.0,97.0,73.0,101.0,85.0,81.0,91.0,298.0,268.0,357.0,345.0,279.0,320.0,298.0,310.0,285.0,306.0,274.0,363.0,354.0,373.0,341.0,301.0,333.0,347.0,713.0,714.0,623.0,537.0,620.0,451.0,367.0,547.0,476.0,428.0,540.0,427.0,441.0,505.0,442.0,366.0,538.0,464.0,443.0,451.0,391.0,447.0,439.0,530.0,500.0,649.0,652.0,642.0,642.0,613.0,583.0,598.0,176.0,134.0,261.0,212.0,182.0,211.0,212.0,203.0,202.0,808.0,715.0,688.0,938.0,784.0,804.0,858.0,818.0,935.0
2019-05-01,251.0,258.0,301.0,210.0,244.0,162.0,213.0,211.0,201.0,121.0,123.0,140.0,160.0,173.0,114.0,352.0,272.0,470.0,401.0,367.0,424.0,287.0,250.0,262.0,317.0,309.0,254.0,277.0,300.0,269.0,196.0,160.0,250.0,208.0,188.0,209.0,211.0,209.0,211.0,206.0,188.0,307.0,207.0,201.0,172.0,216.0,167.0,177.0,418.0,271.0,184.0,260.0,393.0,156.0,281.0,307.0,327.0,488.0,323.0,521.0,437.0,522.0,508.0,397.0,1017.0,718.0,988.0,801.0,959.0,815.0,872.0,939.0,898.0,1085.0,1444.0,1068.0,1448.0,1372.0,1398.0,1182.0,1085.0,1449.0,454.0,443.0,574.0,470.0,473.0,401.0,422.0,411.0,414.0,511.0,748.0,589.0,456.0,544.0,855.0,830.0,870.0,1000.0,989.0,919.0,989.0,990.0,978.0,223.0,358.0,245.0,403.0,628.0,487.0,761.0,715.0,730.0,546.0,680.0,694.0,596.0,90.0,72.0,102.0,86.0,83.0,102.0,77.0,72.0,86.0,75.0,63.0,110.0,100.0,78.0,91.0,82.0,76.0,82.0,261.0,234.0,355.0,238.0,274.0,192.0,228.0,224.0,199.0,329.0,253.0,371.0,338.0,270.0,306.0,305.0,333.0,339.0,484.0,468.0,407.0,501.0,467.0,458.0,488.0,496.0,460.0,387.0,292.0,430.0,393.0,302.0,337.0,352.0,355.0,337.0,89.0,76.0,142.0,113.0,103.0,131.0,109.0,100.0,128.0,1012.0,1417.0,1580.0,1445.0,1159.0,422.0,423.0,460.0,397.0,477.0,372.0,427.0,405.0,403.0,58.0,48.0,77.0,70.0,64.0,63.0,65.0,61.0,53.0,143.0,126.0,102.0,127.0,129.0,131.0,130.0,128.0,134.0,398.0,421.0,508.0,431.0,462.0,424.0,466.0,444.0,368.0,269.0,304.0,355.0,207.0,287.0,242.0,235.0,257.0,205.0,550.0,363.0,442.0,477.0,503.0,442.0,403.0,476.0,324.0,373.0,373.0,326.0,375.0,360.0,233.0,359.0,361.0,371.0,341.0,445.0,701.0,484.0,728.0,590.0,565.0,739.0,193.0,187.0,240.0,190.0,209.0,213.0,98.0,78.0,100.0,118.0,89.0,103.0,104.0,99.0,96.0,291.0,257.0,364.0,339.0,328.0,310.0,320.0,321.0,292.0,212.0,170.0,282.0,234.0,259.0,245.0,204.0,234.0,237.0,1181.0,903.0,871.0,937.0,780.0,275.0,219.0,374.0,283.0,255.0,380.0,251.0,266.0,336.0,351.0,327.0,530.0,344.0,333.0,379.0,335.0,351.0,352.0,364.0,302.0,430.0,416.0,442.0,436.0,424.0,399.0,408.0,172.0,155.0,193.0,170.0,188.0,175.0,182.0,183.0,159.0,813.0,807.0,675.0,951.0,822.0,775.0,850.0,827.0,927.0
2019-06-01,215.0,242.0,256.0,170.0,219.0,139.0,180.0,173.0,169.0,168.0,163.0,121.0,163.0,152.0,117.0,201.0,180.0,313.0,277.0,224.0,314.0,290.0,257.0,322.0,375.0,351.0,306.0,326.0,343.0,305.0,206.0,162.0,271.0,254.0,197.0,242.0,254.0,238.0,263.0,246.0,214.0,345.0,287.0,232.0,294.0,333.0,217.0,290.0,355.0,205.0,185.0,257.0,341.0,220.0,254.0,283.0,345.0,484.0,390.0,550.0,600.0,516.0,549.0,474.0,838.0,574.0,950.0,627.0,813.0,738.0,775.0,831.0,1331.0,1111.0,1246.0,1021.0,1345.0,1035.0,1329.0,1076.0,954.0,1156.0,383.0,363.0,483.0,404.0,438.0,350.0,389.0,350.0,365.0,496.0,564.0,517.0,444.0,581.0,782.0,704.0,840.0,886.0,767.0,862.0,877.0,841.0,871.0,225.0,388.0,273.0,542.0,564.0,459.0,715.0,682.0,699.0,554.0,638.0,632.0,579.0,73.0,67.0,91.0,80.0,76.0,79.0,76.0,81.0,75.0,84.0,66.0,81.0,90.0,83.0,73.0,88.0,81.0,82.0,272.0,250.0,398.0,253.0,247.0,265.0,221.0,235.0,243.0,330.0,248.0,406.0,374.0,275.0,334.0,320.0,346.0,379.0,477.0,472.0,402.0,487.0,431.0,431.0,465.0,466.0,415.0,414.0,307.0,457.0,443.0,362.0,402.0,430.0,403.0,413.0,80.0,70.0,128.0,104.0,93.0,123.0,112.0,89.0,127.0,943.0,1085.0,1800.0,1421.0,1366.0,443.0,426.0,495.0,431.0,467.0,393.0,441.0,423.0,427.0,69.0,60.0,85.0,68.0,78.0,69.0,68.0,68.0,58.0,137.0,114.0,112.0,142.0,129.0,140.0,135.0,137.0,138.0,447.0,467.0,516.0,523.0,534.0,487.0,566.0,560.0,458.0,274.0,273.0,324.0,256.0,280.0,287.0,276.0,302.0,254.0,550.0,365.0,425.0,481.0,526.0,480.0,411.0,487.0,335.0,372.0,362.0,313.0,375.0,358.0,265.0,358.0,353.0,369.0,977.0,700.0,1288.0,815.0,1385.0,1115.0,835.0,1304.0,260.0,163.0,179.0,277.0,290.0,243.0,84.0,72.0,102.0,94.0,83.0,76.0,85.0,85.0,77.0,354.0,330.0,352.0,319.0,375.0,269.0,309.0,309.0,299.0,220.0,191.0,317.0,249.0,235.0,236.0,202.0,251.0,245.0,1163.0,803.0,905.0,1080.0,834.0,356.0,259.0,480.0,343.0,307.0,426.0,350.0,347.0,382.0,375.0,380.0,452.0,376.0,369.0,330.0,398.0,393.0,408.0,365.0,300.0,568.0,417.0,428.0,461.0,426.0,396.0,409.0,114.0,132.0,133.0,100.0,120.0,121.0,123.0,113.0,114.0,778.0,728.0,637.0,899.0,785.0,731.0,801.0,790.0,871.0
2019-07-01,208.0,228.0,297.0,201.0,216.0,168.0,206.0,201.0,197.0,155.0,163.0,146.0,179.0,177.0,168.0,173.0,156.0,208.0,217.0,184.0,254.0,288.0,254.0,322.0,320.0,334.0,309.0,315.0,327.0,297.0,263.0,255.0,254.0,340.0,226.0,273.0,305.0,287.0,320.0,223.0,234.0,349.0,328.0,260.0,285.0,319.0,215.0,276.0,320.0,185.0,222.0,254.0,344.0,221.0,226.0,257.0,326.0,575.0,401.0,619.0,667.0,591.0,599.0,654.0,907.0,877.0,910.0,661.0,640.0,999.0,967.0,775.0,1574.0,1420.0,1240.0,1011.0,1259.0,1018.0,1207.0,1058.0,738.0,1137.0,401.0,370.0,533.0,422.0,405.0,369.0,405.0,387.0,386.0,599.0,544.0,529.0,573.0,647.0,651.0,581.0,797.0,709.0,630.0,786.0,735.0,670.0,745.0,314.0,321.0,259.0,534.0,503.0,472.0,660.0,673.0,693.0,527.0,520.0,539.0,573.0,87.0,80.0,99.0,80.0,78.0,86.0,82.0,82.0,86.0,71.0,78.0,65.0,82.0,71.0,57.0,76.0,71.0,77.0,319.0,339.0,403.0,313.0,271.0,314.0,275.0,283.0,294.0,297.0,247.0,440.0,400.0,289.0,386.0,319.0,336.0,412.0,461.0,478.0,405.0,467.0,442.0,417.0,459.0,453.0,412.0,487.0,360.0,621.0,506.0,391.0,432.0,534.0,457.0,434.0,129.0,116.0,100.0,101.0,118.0,91.0,116.0,109.0,116.0,1056.0,1050.0,1704.0,1423.0,1329.0,425.0,432.0,452.0,406.0,465.0,399.0,433.0,373.0,407.0,69.0,75.0,70.0,70.0,71.0,83.0,65.0,65.0,69.0,204.0,170.0,154.0,177.0,211.0,160.0,171.0,179.0,172.0,596.0,630.0,541.0,564.0,663.0,580.0,601.0,624.0,550.0,335.0,374.0,349.0,311.0,352.0,369.0,320.0,335.0,321.0,687.0,371.0,535.0,526.0,722.0,544.0,509.0,526.0,386.0,350.0,353.0,321.0,357.0,340.0,260.0,352.0,331.0,349.0,719.0,439.0,1051.0,888.0,953.0,854.0,1110.0,927.0,289.0,294.0,187.0,320.0,329.0,313.0,69.0,66.0,64.0,76.0,71.0,64.0,75.0,74.0,73.0,285.0,320.0,340.0,268.0,317.0,299.0,265.0,264.0,263.0,263.0,239.0,284.0,286.0,282.0,261.0,287.0,300.0,298.0,904.0,990.0,1008.0,1175.0,1132.0,383.0,325.0,453.0,484.0,382.0,483.0,441.0,413.0,469.0,419.0,424.0,345.0,412.0,278.0,347.0,409.0,409.0,388.0,503.0,432.0,583.0,485.0,527.0,562.0,590.0,540.0,556.0,129.0,146.0,127.0,102.0,127.0,133.0,140.0,126.0,126.0,760.0,686.0,585.0,836.0,721.0,723.0,786.0,781.0,859.0
2019-08-01,214.0,195.0,296.0,200.0,226.0,136.0,219.0,215.0,191.0,150.0,141.0,131.0,182.0,161.0,165.0,149.0,145.0,162.0,177.0,148.0,196.0,286.0,227.0,330.0,335.0,268.0,296.0,298.0,310.0,288.0,313.0,323.0,246.0,314.0,296.0,243.0,287.0,303.0,276.0,333.0,342.0,450.0,358.0,430.0,343.0,377.0,315.0,291.0,335.0,180.0,220.0,276.0,297.0,211.0,233.0,231.0,299.0,451.0,245.0,490.0,554.0,433.0,384.0,460.0,1116.0,1057.0,912.0,887.0,666.0,930.0,1111.0,828.0,2849.0,2522.0,1359.0,1159.0,1531.0,1296.0,889.0,1177.0,919.0,1132.0,424.0,400.0,436.0,445.0,443.0,359.0,411.0,394.0,381.0,1057.0,1028.0,953.0,1090.0,1224.0,616.0,533.0,793.0,710.0,646.0,804.0,735.0,700.0,737.0,411.0,342.0,334.0,643.0,490.0,483.0,696.0,713.0,730.0,521.0,525.0,566.0,597.0,85.0,86.0,64.0,81.0,79.0,80.0,85.0,82.0,88.0,107.0,101.0,73.0,106.0,113.0,68.0,96.0,89.0,95.0,404.0,459.0,369.0,317.0,335.0,314.0,330.0,321.0,298.0,310.0,283.0,320.0,319.0,282.0,267.0,320.0,306.0,302.0,449.0,465.0,400.0,424.0,461.0,378.0,458.0,462.0,407.0,796.0,673.0,718.0,738.0,669.0,704.0,725.0,765.0,734.0,115.0,107.0,78.0,89.0,101.0,78.0,97.0,92.0,93.0,1086.0,762.0,1294.0,1178.0,1264.0,576.0,610.0,376.0,395.0,595.0,336.0,449.0,456.0,352.0,99.0,95.0,103.0,109.0,105.0,117.0,89.0,90.0,87.0,157.0,149.0,116.0,137.0,146.0,117.0,124.0,134.0,125.0,1013.0,1006.0,820.0,963.0,1113.0,886.0,804.0,887.0,900.0,554.0,622.0,697.0,548.0,567.0,508.0,453.0,567.0,461.0,783.0,902.0,632.0,727.0,1065.0,703.0,691.0,681.0,498.0,339.0,336.0,284.0,338.0,327.0,262.0,349.0,324.0,344.0,471.0,362.0,634.0,562.0,660.0,517.0,704.0,611.0,341.0,339.0,283.0,361.0,350.0,354.0,115.0,115.0,82.0,105.0,119.0,90.0,107.0,104.0,99.0,263.0,267.0,262.0,274.0,294.0,306.0,250.0,252.0,256.0,247.0,247.0,234.0,257.0,315.0,204.0,251.0,264.0,242.0,1315.0,1575.0,1509.0,1529.0,1343.0,360.0,340.0,367.0,444.0,356.0,352.0,407.0,376.0,392.0,508.0,487.0,359.0,482.0,425.0,415.0,449.0,453.0,438.0,534.0,516.0,387.0,508.0,648.0,406.0,511.0,515.0,466.0,188.0,205.0,205.0,164.0,187.0,193.0,182.0,171.0,171.0,764.0,801.0,677.0,880.0,808.0,768.0,826.0,811.0,902.0
2019-09-01,270.0,260.0,289.0,215.0,268.0,178.0,261.0,259.0,239.0,139.0,179.0,155.0,184.0,219.0,167.0,144.0,140.0,159.0,155.0,147.0,167.0,269.0,212.0,233.0,272.0,272.0,204.0,262.0,284.0,239.0,354.0,288.0,302.0,350.0,347.0,267.0,343.0,349.0,310.0,433.0,416.0,446.0,468.0,412.0,444.0,468.0,390.0,403.0,303.0,180.0,177.0,201.0,217.0,129.0,167.0,215.0,251.0,331.0,236.0,412.0,421.0,405.0,331.0,363.0,1355.0,1063.0,1406.0,881.0,708.0,1054.0,1260.0,859.0,2966.0,2962.0,1754.0,1462.0,1878.0,1828.0,1109.0,1513.0,1079.0,1550.0,489.0,478.0,507.0,495.0,518.0,424.0,468.0,453.0,445.0,1180.0,962.0,1056.0,1165.0,1274.0,579.0,466.0,776.0,666.0,601.0,824.0,702.0,755.0,719.0,537.0,399.0,351.0,702.0,598.0,503.0,738.0,794.0,690.0,503.0,560.0,632.0,620.0,80.0,88.0,68.0,77.0,79.0,75.0,79.0,81.0,84.0,86.0,88.0,69.0,97.0,91.0,58.0,84.0,80.0,88.0,430.0,571.0,462.0,456.0,358.0,403.0,439.0,366.0,379.0,351.0,331.0,446.0,372.0,311.0,323.0,364.0,325.0,374.0,489.0,481.0,392.0,541.0,490.0,406.0,530.0,524.0,475.0,632.0,527.0,772.0,648.0,481.0,603.0,619.0,602.0,659.0,131.0,133.0,84.0,114.0,126.0,112.0,120.0,122.0,122.0,1052.0,650.0,1108.0,1030.0,1148.0,576.0,598.0,290.0,417.0,552.0,298.0,385.0,458.0,383.0,119.0,108.0,80.0,114.0,124.0,96.0,102.0,102.0,100.0,103.0,108.0,81.0,107.0,97.0,99.0,97.0,95.0,108.0,980.0,966.0,683.0,832.0,958.0,846.0,866.0,874.0,787.0,505.0,516.0,464.0,423.0,505.0,484.0,434.0,492.0,418.0,965.0,939.0,725.0,854.0,1147.0,890.0,847.0,891.0,747.0,333.0,336.0,300.0,347.0,328.0,255.0,335.0,328.0,337.0,396.0,284.0,533.0,427.0,463.0,410.0,577.0,442.0,416.0,317.0,308.0,403.0,422.0,388.0,103.0,109.0,71.0,101.0,98.0,84.0,96.0,94.0,93.0,365.0,330.0,308.0,359.0,338.0,404.0,335.0,335.0,351.0,479.0,462.0,388.0,477.0,531.0,424.0,469.0,470.0,446.0,1752.0,1945.0,2132.0,2142.0,2016.0,513.0,539.0,439.0,555.0,514.0,395.0,486.0,477.0,443.0,562.0,494.0,476.0,554.0,573.0,465.0,551.0,554.0,531.0,970.0,934.0,750.0,872.0,1042.0,812.0,885.0,872.0,843.0,208.0,234.0,168.0,206.0,213.0,198.0,201.0,203.0,194.0,907.0,859.0,657.0,974.0,898.0,794.0,932.0,932.0,979.0
2019-10-01,269.0,255.0,267.0,220.0,233.0,177.0,223.0,220.0,210.0,96.0,146.0,98.0,147.0,196.0,131.0,150.0,142.0,150.0,155.0,140.0,153.0,259.0,218.0,246.0,272.0,248.0,209.0,261.0,273.0,237.0,313.0,293.0,269.0,318.0,295.0,257.0,327.0,321.0,309.0,316.0,286.0,437.0,342.0,348.0,323.0,349.0,278.0,319.0,206.0,157.0,116.0,158.0,148.0,86.0,116.0,160.0,199.0,278.0,200.0,389.0,329.0,281.0,283.0,303.0,1169.0,956.0,1218.0,792.0,862.0,931.0,1037.0,1015.0,1980.0,2423.0,1560.0,1282.0,1404.0,1196.0,1055.0,1188.0,817.0,1198.0,484.0,446.0,532.0,506.0,539.0,452.0,470.0,427.0,447.0,782.0,729.0,621.0,667.0,740.0,584.0,389.0,712.0,780.0,604.0,834.0,770.0,794.0,762.0,374.0,214.0,300.0,526.0,739.0,486.0,715.0,806.0,688.0,537.0,566.0,627.0,589.0,80.0,84.0,63.0,80.0,82.0,77.0,76.0,82.0,82.0,89.0,77.0,59.0,80.0,93.0,56.0,83.0,80.0,82.0,308.0,361.0,382.0,314.0,280.0,292.0,329.0,292.0,290.0,355.0,295.0,373.0,384.0,260.0,286.0,323.0,291.0,326.0,498.0,473.0,397.0,596.0,474.0,441.0,512.0,497.0,458.0,668.0,556.0,924.0,747.0,566.0,675.0,692.0,651.0,645.0,122.0,123.0,75.0,104.0,112.0,87.0,105.0,104.0,111.0,1057.0,577.0,1288.0,1109.0,1147.0,531.0,568.0,305.0,402.0,576.0,310.0,405.0,488.0,377.0,66.0,69.0,49.0,55.0,67.0,61.0,55.0,56.0,59.0,90.0,96.0,68.0,96.0,84.0,90.0,83.0,80.0,92.0,624.0,611.0,583.0,623.0,685.0,611.0,679.0,642.0,561.0,414.0,396.0,432.0,432.0,390.0,440.0,386.0,408.0,406.0,731.0,562.0,655.0,624.0,895.0,616.0,646.0,631.0,501.0,327.0,323.0,274.0,315.0,319.0,248.0,298.0,299.0,323.0,355.0,302.0,499.0,432.0,398.0,363.0,551.0,378.0,240.0,167.0,175.0,224.0,257.0,215.0,86.0,92.0,61.0,82.0,82.0,68.0,76.0,76.0,76.0,272.0,260.0,213.0,269.0,274.0,297.0,245.0,251.0,251.0,417.0,438.0,410.0,444.0,487.0,417.0,437.0,480.0,448.0,2239.0,2184.0,2609.0,2575.0,2148.0,374.0,341.0,356.0,455.0,384.0,300.0,402.0,379.0,380.0,425.0,452.0,382.0,427.0,406.0,331.0,433.0,435.0,410.0,876.0,783.0,768.0,852.0,975.0,832.0,890.0,921.0,860.0,157.0,151.0,165.0,154.0,178.0,152.0,162.0,155.0,148.0,901.0,899.0,683.0,938.0,883.0,795.0,946.0,934.0,928.0
2019-11-01,286.0,277.0,280.0,255.0,270.0,234.0,279.0,280.0,276.0,127.0,178.0,95.0,140.0,164.0,136.0,146.0,134.0,169.0,162.0,137.0,161.0,262.0,196.0,247.0,284.0,260.0,220.0,273.0,288.0,247.0,338.0,293.0,388.0,369.0,320.0,342.0,360.0,359.0,383.0,349.0,289.0,541.0,410.0,395.0,436.0,440.0,346.0,425.0,188.0,142.0,105.0,160.0,141.0,76.0,112.0,135.0,160.0,243.0,193.0,336.0,284.0,271.0,286.0,305.0,1023.0,857.0,1035.0,912.0,996.0,897.0,971.0,1019.0,1287.0,1364.0,1552.0,1388.0,1551.0,1226.0,1532.0,1274.0,1097.0,1487.0,550.0,469.0,722.0,568.0,588.0,521.0,546.0,519.0,531.0,586.0,980.0,615.0,561.0,677.0,643.0,499.0,727.0,810.0,586.0,830.0,824.0,868.0,785.0,351.0,129.0,348.0,413.0,714.0,499.0,820.0,845.0,723.0,538.0,609.0,653.0,591.0,76.0,81.0,63.0,80.0,74.0,75.0,76.0,79.0,80.0,84.0,64.0,94.0,96.0,105.0,84.0,95.0,88.0,96.0,323.0,338.0,449.0,361.0,391.0,379.0,366.0,356.0,366.0,425.0,342.0,581.0,481.0,403.0,446.0,420.0,438.0,466.0,497.0,474.0,378.0,587.0,500.0,419.0,518.0,511.0,468.0,797.0,598.0,1036.0,827.0,744.0,827.0,781.0,758.0,801.0,123.0,105.0,78.0,94.0,124.0,83.0,107.0,117.0,119.0,1044.0,661.0,1271.0,1054.0,1107.0,471.0,482.0,340.0,358.0,499.0,267.0,395.0,460.0,363.0,72.0,57.0,59.0,77.0,74.0,67.0,77.0,72.0,68.0,93.0,94.0,62.0,89.0,91.0,84.0,82.0,80.0,89.0,586.0,514.0,763.0,727.0,575.0,777.0,681.0,634.0,722.0,487.0,436.0,574.0,513.0,394.0,559.0,512.0,423.0,488.0,629.0,536.0,697.0,551.0,709.0,611.0,617.0,601.0,464.0,339.0,300.0,209.0,317.0,314.0,197.0,289.0,310.0,316.0,364.0,338.0,497.0,460.0,419.0,365.0,573.0,411.0,225.0,199.0,213.0,228.0,271.0,239.0,81.0,63.0,78.0,84.0,74.0,75.0,81.0,78.0,80.0,302.0,284.0,228.0,294.0,295.0,248.0,248.0,257.0,254.0,424.0,421.0,433.0,517.0,490.0,477.0,469.0,511.0,520.0,1736.0,1767.0,1332.0,1730.0,1477.0,364.0,306.0,435.0,410.0,338.0,375.0,380.0,393.0,425.0,393.0,336.0,419.0,388.0,381.0,349.0,367.0,404.0,359.0,744.0,711.0,718.0,620.0,848.0,777.0,834.0,825.0,791.0,192.0,161.0,328.0,284.0,222.0,261.0,264.0,235.0,250.0,901.0,873.0,670.0,1018.0,869.0,793.0,972.0,936.0,909.0
